pid,human_valence_1to7,human_arousal_1to7,human_interest_1to5,chapter_text
1,4,7,4,"Dylan’s eyes snapped open. He turned to his alarm clock.
 8:12 a.m. He stared at it for two full seconds before leaping out of bed. “Mom! Why didn’t you wake me up?!” he shouted, grabbing yesterday’s T-shirt off the floor. He shoved one sock on, then the other, and stuffed a granola bar into his hoodie pocket. <br><br>
The bus came at 8:15. He had exactly three minutes. Shoes barely tied, he burst out the front door, backpack swinging wildly. As he reached the corner, he saw the bus—already at his stop. The doors closed. It started to pull away."
1030,4,2,5,"Mira fumbled for the light switch and flipped open her leather-bound diary, ready to pen the day’s events as she did every evening. But tonight, her hand froze. The page for today’s date was already filled with neat lines of handwriting that looked exactly like her own. Heart pounding, Mira leaned in. The entry described her entire day in uncanny detail — the burnt toast at breakfast, the pop quiz in biology class, even the strange cat that had trailed her halfway home.<br><br>
She hadn’t written a single word, yet there it was: her day retold from start to finish. Mira’s throat went dry as she scanned the final lines. The diary entry ended with a detail so fresh it hadn’t even happened when she climbed the stairs: “At 10:17 PM, Mira gasps in disbelief, reading these words.” The digital clock on her desk blinked 10:17 PM.<br><br>
Mira slammed the diary shut and backed away as if it might bite. Her mind raced through a dozen explanations — a prank, a lapse in memory, something beyond reality itself. For a moment, she couldn't tell if the chill that ran through her came from the night air leaking through the window or the unsettling words on the page. Trembling, she realized her safe little world had cracked open, and whatever was happening was only just beginning."
1039,2,2,3,"In the pale light of a post-war morning, Miriam stepped onto the cracked cobblestones of a small town scarred by conflict. Clutching her threadbare shawl close, she made her way toward the modest market, where sparse vendors sold their remaining wares with heavy hearts. The low murmur of neighbors echoed the quiet despair of rebuilding lives amid lingering loss. As she paused by a worn fruit stand, a brief nod from a weary stranger offered little comfort—a silent reminder of the daily struggle. With resolve tempered by hardship, Miriam carried on, determined to provide for her family even when hope felt like a distant memory."
1040,4,5,4,"Mira fumbled for the light switch and flipped open her leather-bound diary, ready to pen the day’s events as she did every evening. But tonight, her hand froze. The page for today’s date was already filled with neat lines of handwriting that looked exactly like her own. Heart pounding, Mira leaned in. The entry described her entire day in uncanny detail — the burnt toast at breakfast, the pop quiz in biology class, even the strange cat that had trailed her halfway home.<br><br>
She hadn’t written a single word, yet there it was: her day retold from start to finish. Mira’s throat went dry as she scanned the final lines. The diary entry ended with a detail so fresh it hadn’t even happened when she climbed the stairs: “At 10:17 PM, Mira gasps in disbelief, reading these words.” The digital clock on her desk blinked 10:17 PM.<br><br>
Mira slammed the diary shut and backed away as if it might bite. Her mind raced through a dozen explanations — a prank, a lapse in memory, something beyond reality itself. For a moment, she couldn't tell if the chill that ran through her came from the night air leaking through the window or the unsettling words on the page. Trembling, she realized her safe little world had cracked open, and whatever was happening was only just beginning."
1045,4,5,5,"Sasha’s small fingers trembled with excitement as she peeled away another strip of the faded wallpaper. She had discovered the corner of a door behind the peeling paper in the attic last week, and today she could no longer resist exploring further. With each tug, more of the wooden door was revealed, along with an old-fashioned keyhole that seemed to wink at her in the dim attic light. She wasn’t supposed to play up here alone, but something about the hidden door was too intriguing — almost as if it was calling her.<br><br>
As thunder rumbled outside, Sasha pressed her ear against the cool, dusty wood. At first, she heard nothing but the thud of her own heartbeat. Then, ever so faintly, she caught what sounded like a whisper: her own name. Sasha’s breath hitched. She glanced over her shoulder, half expecting to find her older brother playing a prank, but the attic was empty except for shadows. Gathering her courage, she nudged the door. It didn’t budge, but a thin line of golden light appeared around the edges, sending dust motes dancing in its glow. Sasha’s imagination raced — was this a doorway to a secret playroom, a magical kingdom, or something else entirely? She knew only one way to find out."
1056,6,6,5,"Sasha’s small fingers trembled with excitement as she peeled away another strip of the faded wallpaper. She had discovered the corner of a door behind the peeling paper in the attic last week, and today she could no longer resist exploring further. With each tug, more of the wooden door was revealed, along with an old-fashioned keyhole that seemed to wink at her in the dim attic light. She wasn’t supposed to play up here alone, but something about the hidden door was too intriguing — almost as if it was calling her.<br><br>
As thunder rumbled outside, Sasha pressed her ear against the cool, dusty wood. At first, she heard nothing but the thud of her own heartbeat. Then, ever so faintly, she caught what sounded like a whisper: her own name. Sasha’s breath hitched. She glanced over her shoulder, half expecting to find her older brother playing a prank, but the attic was empty except for shadows. Gathering her courage, she nudged the door. It didn’t budge, but a thin line of golden light appeared around the edges, sending dust motes dancing in its glow. Sasha’s imagination raced — was this a doorway to a secret playroom, a magical kingdom, or something else entirely? She knew only one way to find out."
1063,5,5,5,"Aelin strode into the bustling market square of Eldoria, where magic and myth were as common as the wares on every stall. Having just left her quiet village, she hoped to find clues about her mysterious heritage. Stalls adorned with enchanted trinkets and potions lined the cobblestone streets, while townsfolk chattered about an ancient prophecy. Amid the clamor, a hooded figure approached her with a worn map and a knowing smile. The promise of adventure hung in the air like a whispered legend. With her heart pounding in anticipation of quests and magic, Aelin sensed that her journey was destined to follow the well-worn path of epic tales she’d read since childhood."
1068,2,2,3,"In the pale light of a post-war morning, Miriam stepped onto the cracked cobblestones of a small town scarred by conflict. Clutching her threadbare shawl close, she made her way toward the modest market, where sparse vendors sold their remaining wares with heavy hearts. The low murmur of neighbors echoed the quiet despair of rebuilding lives amid lingering loss. As she paused by a worn fruit stand, a brief nod from a weary stranger offered little comfort—a silent reminder of the daily struggle. With resolve tempered by hardship, Miriam carried on, determined to provide for her family even when hope felt like a distant memory."
1072,5,6,4,"In the neon glow of a futuristic metropolis, Jax adjusted the controls on his hovering bike as he navigated the bustling sky lanes. It was another routine day in the sprawling city of Neo-Arcadia—a place where technology blurred the lines between human and machine. As he soared past holographic billboards and automated drones, a sudden alert on his wrist communicator disrupted his monotony. An encrypted message from an old friend hinted at a conspiracy involving the city’s governing AI. The standard mix of excitement and apprehension set in, as Jax knew all too well that this was the beginning of an adventure. His journey into a digital labyrinth was about to begin."
11,3,6,1,"Dylan’s eyes snapped open. He turned to his alarm clock.
 8:12 a.m. He stared at it for two full seconds before leaping out of bed. “Mom! Why didn’t you wake me up?!” he shouted, grabbing yesterday’s T-shirt off the floor. He shoved one sock on, then the other, and stuffed a granola bar into his hoodie pocket. <br><br>
The bus came at 8:15. He had exactly three minutes. Shoes barely tied, he burst out the front door, backpack swinging wildly. As he reached the corner, he saw the bus—already at his stop. The doors closed. It started to pull away."
1103,5,5,5,"Princess Yoko wandered through the royal gardens as the morning light softly illuminated glistening dew on freshly bloomed roses and perfectly pruned hedges. It was the day of the grand ball—a cherished event where noble suitors traditionally gathered to win her heart. Yet, while she took in the elegant fountains and timeless statues, her thoughts strayed to a life of freedom far beyond the palace confines. The gentle chorus of birds and hushed whispers of the staff only amplified her inner longing for self-determination.<br><br>

With each measured step, Yoko’s determination solidified. No longer willing to be merely the emblem of regal tradition, she resolved that tonight, beneath the veil of dusk, she would vanish into the night to forge her own path. Wearing a modest dress that belied the fierce spirit within, she cast a final, reflective look toward the ballroom, ready to embrace the unpredictable journey that lay beyond the castle gates."
111,6,5,4,"In the pale light of a post-war morning, Miriam stepped onto the cracked cobblestones of a small town scarred by conflict. Clutching her threadbare shawl close, she made her way toward the modest market, where sparse vendors sold their remaining wares with heavy hearts. The low murmur of neighbors echoed the quiet despair of rebuilding lives amid lingering loss. As she paused by a worn fruit stand, a brief nod from a weary stranger offered little comfort—a silent reminder of the daily struggle. With resolve tempered by hardship, Miriam carried on, determined to provide for her family even when hope felt like a distant memory."
1112,5,7,3,"Sasha’s small fingers trembled with excitement as she peeled away another strip of the faded wallpaper. She had discovered the corner of a door behind the peeling paper in the attic last week, and today she could no longer resist exploring further. With each tug, more of the wooden door was revealed, along with an old-fashioned keyhole that seemed to wink at her in the dim attic light. She wasn’t supposed to play up here alone, but something about the hidden door was too intriguing — almost as if it was calling her.<br><br>
As thunder rumbled outside, Sasha pressed her ear against the cool, dusty wood. At first, she heard nothing but the thud of her own heartbeat. Then, ever so faintly, she caught what sounded like a whisper: her own name. Sasha’s breath hitched. She glanced over her shoulder, half expecting to find her older brother playing a prank, but the attic was empty except for shadows. Gathering her courage, she nudged the door. It didn’t budge, but a thin line of golden light appeared around the edges, sending dust motes dancing in its glow. Sasha’s imagination raced — was this a doorway to a secret playroom, a magical kingdom, or something else entirely? She knew only one way to find out."
1114,6,4,4,"Princess Yoko wandered through the royal gardens as the morning light softly illuminated glistening dew on freshly bloomed roses and perfectly pruned hedges. It was the day of the grand ball—a cherished event where noble suitors traditionally gathered to win her heart. Yet, while she took in the elegant fountains and timeless statues, her thoughts strayed to a life of freedom far beyond the palace confines. The gentle chorus of birds and hushed whispers of the staff only amplified her inner longing for self-determination.<br><br>

With each measured step, Yoko’s determination solidified. No longer willing to be merely the emblem of regal tradition, she resolved that tonight, beneath the veil of dusk, she would vanish into the night to forge her own path. Wearing a modest dress that belied the fierce spirit within, she cast a final, reflective look toward the ballroom, ready to embrace the unpredictable journey that lay beyond the castle gates."
1117,3,7,3,"Dylan’s eyes snapped open. He turned to his alarm clock.
 8:12 a.m. He stared at it for two full seconds before leaping out of bed. “Mom! Why didn’t you wake me up?!” he shouted, grabbing yesterday’s T-shirt off the floor. He shoved one sock on, then the other, and stuffed a granola bar into his hoodie pocket. <br><br>
The bus came at 8:15. He had exactly three minutes. Shoes barely tied, he burst out the front door, backpack swinging wildly. As he reached the corner, he saw the bus—already at his stop. The doors closed. It started to pull away."
112,5,2,4,"In the pale light of a post-war morning, Miriam stepped onto the cracked cobblestones of a small town scarred by conflict. Clutching her threadbare shawl close, she made her way toward the modest market, where sparse vendors sold their remaining wares with heavy hearts. The low murmur of neighbors echoed the quiet despair of rebuilding lives amid lingering loss. As she paused by a worn fruit stand, a brief nod from a weary stranger offered little comfort—a silent reminder of the daily struggle. With resolve tempered by hardship, Miriam carried on, determined to provide for her family even when hope felt like a distant memory."
1125,3,6,4,"In the neon glow of a futuristic metropolis, Jax adjusted the controls on his hovering bike as he navigated the bustling sky lanes. It was another routine day in the sprawling city of Neo-Arcadia—a place where technology blurred the lines between human and machine. As he soared past holographic billboards and automated drones, a sudden alert on his wrist communicator disrupted his monotony. An encrypted message from an old friend hinted at a conspiracy involving the city’s governing AI. The standard mix of excitement and apprehension set in, as Jax knew all too well that this was the beginning of an adventure. His journey into a digital labyrinth was about to begin."
1136,2,6,3,"Dylan’s eyes snapped open. He turned to his alarm clock.
 8:12 a.m. He stared at it for two full seconds before leaping out of bed. “Mom! Why didn’t you wake me up?!” he shouted, grabbing yesterday’s T-shirt off the floor. He shoved one sock on, then the other, and stuffed a granola bar into his hoodie pocket. <br><br>
The bus came at 8:15. He had exactly three minutes. Shoes barely tied, he burst out the front door, backpack swinging wildly. As he reached the corner, he saw the bus—already at his stop. The doors closed. It started to pull away."
1144,4,5,3,"Dylan’s eyes snapped open. He turned to his alarm clock.
 8:12 a.m. He stared at it for two full seconds before leaping out of bed. “Mom! Why didn’t you wake me up?!” he shouted, grabbing yesterday’s T-shirt off the floor. He shoved one sock on, then the other, and stuffed a granola bar into his hoodie pocket. <br><br>
The bus came at 8:15. He had exactly three minutes. Shoes barely tied, he burst out the front door, backpack swinging wildly. As he reached the corner, he saw the bus—already at his stop. The doors closed. It started to pull away."
1145,5,5,3,"Aelin strode into the bustling market square of Eldoria, where magic and myth were as common as the wares on every stall. Having just left her quiet village, she hoped to find clues about her mysterious heritage. Stalls adorned with enchanted trinkets and potions lined the cobblestone streets, while townsfolk chattered about an ancient prophecy. Amid the clamor, a hooded figure approached her with a worn map and a knowing smile. The promise of adventure hung in the air like a whispered legend. With her heart pounding in anticipation of quests and magic, Aelin sensed that her journey was destined to follow the well-worn path of epic tales she’d read since childhood."
1146,4,2,3,"In the neon glow of a futuristic metropolis, Jax adjusted the controls on his hovering bike as he navigated the bustling sky lanes. It was another routine day in the sprawling city of Neo-Arcadia—a place where technology blurred the lines between human and machine. As he soared past holographic billboards and automated drones, a sudden alert on his wrist communicator disrupted his monotony. An encrypted message from an old friend hinted at a conspiracy involving the city’s governing AI. The standard mix of excitement and apprehension set in, as Jax knew all too well that this was the beginning of an adventure. His journey into a digital labyrinth was about to begin."
115,5,6,5,"Aelin strode into the bustling market square of Eldoria, where magic and myth were as common as the wares on every stall. Having just left her quiet village, she hoped to find clues about her mysterious heritage. Stalls adorned with enchanted trinkets and potions lined the cobblestone streets, while townsfolk chattered about an ancient prophecy. Amid the clamor, a hooded figure approached her with a worn map and a knowing smile. The promise of adventure hung in the air like a whispered legend. With her heart pounding in anticipation of quests and magic, Aelin sensed that her journey was destined to follow the well-worn path of epic tales she’d read since childhood."
1165,3,4,5,"Mira fumbled for the light switch and flipped open her leather-bound diary, ready to pen the day’s events as she did every evening. But tonight, her hand froze. The page for today’s date was already filled with neat lines of handwriting that looked exactly like her own. Heart pounding, Mira leaned in. The entry described her entire day in uncanny detail — the burnt toast at breakfast, the pop quiz in biology class, even the strange cat that had trailed her halfway home.<br><br>
She hadn’t written a single word, yet there it was: her day retold from start to finish. Mira’s throat went dry as she scanned the final lines. The diary entry ended with a detail so fresh it hadn’t even happened when she climbed the stairs: “At 10:17 PM, Mira gasps in disbelief, reading these words.” The digital clock on her desk blinked 10:17 PM.<br><br>
Mira slammed the diary shut and backed away as if it might bite. Her mind raced through a dozen explanations — a prank, a lapse in memory, something beyond reality itself. For a moment, she couldn't tell if the chill that ran through her came from the night air leaking through the window or the unsettling words on the page. Trembling, she realized her safe little world had cracked open, and whatever was happening was only just beginning."
1170,5,7,5,"Aelin strode into the bustling market square of Eldoria, where magic and myth were as common as the wares on every stall. Having just left her quiet village, she hoped to find clues about her mysterious heritage. Stalls adorned with enchanted trinkets and potions lined the cobblestone streets, while townsfolk chattered about an ancient prophecy. Amid the clamor, a hooded figure approached her with a worn map and a knowing smile. The promise of adventure hung in the air like a whispered legend. With her heart pounding in anticipation of quests and magic, Aelin sensed that her journey was destined to follow the well-worn path of epic tales she’d read since childhood."
1175,3,5,4,"In the neon glow of a futuristic metropolis, Jax adjusted the controls on his hovering bike as he navigated the bustling sky lanes. It was another routine day in the sprawling city of Neo-Arcadia—a place where technology blurred the lines between human and machine. As he soared past holographic billboards and automated drones, a sudden alert on his wrist communicator disrupted his monotony. An encrypted message from an old friend hinted at a conspiracy involving the city’s governing AI. The standard mix of excitement and apprehension set in, as Jax knew all too well that this was the beginning of an adventure. His journey into a digital labyrinth was about to begin."
1181,6,7,4,"Aelin strode into the bustling market square of Eldoria, where magic and myth were as common as the wares on every stall. Having just left her quiet village, she hoped to find clues about her mysterious heritage. Stalls adorned with enchanted trinkets and potions lined the cobblestone streets, while townsfolk chattered about an ancient prophecy. Amid the clamor, a hooded figure approached her with a worn map and a knowing smile. The promise of adventure hung in the air like a whispered legend. With her heart pounding in anticipation of quests and magic, Aelin sensed that her journey was destined to follow the well-worn path of epic tales she’d read since childhood."
121,3,6,2,"In the neon glow of a futuristic metropolis, Jax adjusted the controls on his hovering bike as he navigated the bustling sky lanes. It was another routine day in the sprawling city of Neo-Arcadia—a place where technology blurred the lines between human and machine. As he soared past holographic billboards and automated drones, a sudden alert on his wrist communicator disrupted his monotony. An encrypted message from an old friend hinted at a conspiracy involving the city’s governing AI. The standard mix of excitement and apprehension set in, as Jax knew all too well that this was the beginning of an adventure. His journey into a digital labyrinth was about to begin."
1214,4,5,3,"Aelin strode into the bustling market square of Eldoria, where magic and myth were as common as the wares on every stall. Having just left her quiet village, she hoped to find clues about her mysterious heritage. Stalls adorned with enchanted trinkets and potions lined the cobblestone streets, while townsfolk chattered about an ancient prophecy. Amid the clamor, a hooded figure approached her with a worn map and a knowing smile. The promise of adventure hung in the air like a whispered legend. With her heart pounding in anticipation of quests and magic, Aelin sensed that her journey was destined to follow the well-worn path of epic tales she’d read since childhood."
1218,5,6,5,"Sasha’s small fingers trembled with excitement as she peeled away another strip of the faded wallpaper. She had discovered the corner of a door behind the peeling paper in the attic last week, and today she could no longer resist exploring further. With each tug, more of the wooden door was revealed, along with an old-fashioned keyhole that seemed to wink at her in the dim attic light. She wasn’t supposed to play up here alone, but something about the hidden door was too intriguing — almost as if it was calling her.<br><br>
As thunder rumbled outside, Sasha pressed her ear against the cool, dusty wood. At first, she heard nothing but the thud of her own heartbeat. Then, ever so faintly, she caught what sounded like a whisper: her own name. Sasha’s breath hitched. She glanced over her shoulder, half expecting to find her older brother playing a prank, but the attic was empty except for shadows. Gathering her courage, she nudged the door. It didn’t budge, but a thin line of golden light appeared around the edges, sending dust motes dancing in its glow. Sasha’s imagination raced — was this a doorway to a secret playroom, a magical kingdom, or something else entirely? She knew only one way to find out."
122,3,6,4,"Mira fumbled for the light switch and flipped open her leather-bound diary, ready to pen the day’s events as she did every evening. But tonight, her hand froze. The page for today’s date was already filled with neat lines of handwriting that looked exactly like her own. Heart pounding, Mira leaned in. The entry described her entire day in uncanny detail — the burnt toast at breakfast, the pop quiz in biology class, even the strange cat that had trailed her halfway home.<br><br>
She hadn’t written a single word, yet there it was: her day retold from start to finish. Mira’s throat went dry as she scanned the final lines. The diary entry ended with a detail so fresh it hadn’t even happened when she climbed the stairs: “At 10:17 PM, Mira gasps in disbelief, reading these words.” The digital clock on her desk blinked 10:17 PM.<br><br>
Mira slammed the diary shut and backed away as if it might bite. Her mind raced through a dozen explanations — a prank, a lapse in memory, something beyond reality itself. For a moment, she couldn't tell if the chill that ran through her came from the night air leaking through the window or the unsettling words on the page. Trembling, she realized her safe little world had cracked open, and whatever was happening was only just beginning."
1224,3,5,3,"Jason’s eyes darted across the dimly lit parking garage as he exited his car in the dead of night. Rain slicked the pavement, and a distant siren wailed as if warning him of imminent danger. In the shadows, every movement became a potential threat. His hand brushed against the cold metal of the concealed weapon at his side. Earlier that evening, a cryptic phone call had instructed him to meet a contact at this very location, where nothing was as it seemed. With his heart pounding and instincts on high alert, Jason took a cautious step forward, aware that every moment could ignite a chain reaction of unforeseen peril."
1229,2,1,3,"In the pale light of a post-war morning, Miriam stepped onto the cracked cobblestones of a small town scarred by conflict. Clutching her threadbare shawl close, she made her way toward the modest market, where sparse vendors sold their remaining wares with heavy hearts. The low murmur of neighbors echoed the quiet despair of rebuilding lives amid lingering loss. As she paused by a worn fruit stand, a brief nod from a weary stranger offered little comfort—a silent reminder of the daily struggle. With resolve tempered by hardship, Miriam carried on, determined to provide for her family even when hope felt like a distant memory."
1235,4,5,3,"Aelin strode into the bustling market square of Eldoria, where magic and myth were as common as the wares on every stall. Having just left her quiet village, she hoped to find clues about her mysterious heritage. Stalls adorned with enchanted trinkets and potions lined the cobblestone streets, while townsfolk chattered about an ancient prophecy. Amid the clamor, a hooded figure approached her with a worn map and a knowing smile. The promise of adventure hung in the air like a whispered legend. With her heart pounding in anticipation of quests and magic, Aelin sensed that her journey was destined to follow the well-worn path of epic tales she’d read since childhood."
1237,4,4,2,"Aelin strode into the bustling market square of Eldoria, where magic and myth were as common as the wares on every stall. Having just left her quiet village, she hoped to find clues about her mysterious heritage. Stalls adorned with enchanted trinkets and potions lined the cobblestone streets, while townsfolk chattered about an ancient prophecy. Amid the clamor, a hooded figure approached her with a worn map and a knowing smile. The promise of adventure hung in the air like a whispered legend. With her heart pounding in anticipation of quests and magic, Aelin sensed that her journey was destined to follow the well-worn path of epic tales she’d read since childhood."
124,5,3,3,"In the pale light of a post-war morning, Miriam stepped onto the cracked cobblestones of a small town scarred by conflict. Clutching her threadbare shawl close, she made her way toward the modest market, where sparse vendors sold their remaining wares with heavy hearts. The low murmur of neighbors echoed the quiet despair of rebuilding lives amid lingering loss. As she paused by a worn fruit stand, a brief nod from a weary stranger offered little comfort—a silent reminder of the daily struggle. With resolve tempered by hardship, Miriam carried on, determined to provide for her family even when hope felt like a distant memory."
1241,3,6,3,"Jason’s eyes darted across the dimly lit parking garage as he exited his car in the dead of night. Rain slicked the pavement, and a distant siren wailed as if warning him of imminent danger. In the shadows, every movement became a potential threat. His hand brushed against the cold metal of the concealed weapon at his side. Earlier that evening, a cryptic phone call had instructed him to meet a contact at this very location, where nothing was as it seemed. With his heart pounding and instincts on high alert, Jason took a cautious step forward, aware that every moment could ignite a chain reaction of unforeseen peril."
1247,3,1,3,"In the pale light of a post-war morning, Miriam stepped onto the cracked cobblestones of a small town scarred by conflict. Clutching her threadbare shawl close, she made her way toward the modest market, where sparse vendors sold their remaining wares with heavy hearts. The low murmur of neighbors echoed the quiet despair of rebuilding lives amid lingering loss. As she paused by a worn fruit stand, a brief nod from a weary stranger offered little comfort—a silent reminder of the daily struggle. With resolve tempered by hardship, Miriam carried on, determined to provide for her family even when hope felt like a distant memory."
1256,3,4,3,"In the pale light of a post-war morning, Miriam stepped onto the cracked cobblestones of a small town scarred by conflict. Clutching her threadbare shawl close, she made her way toward the modest market, where sparse vendors sold their remaining wares with heavy hearts. The low murmur of neighbors echoed the quiet despair of rebuilding lives amid lingering loss. As she paused by a worn fruit stand, a brief nod from a weary stranger offered little comfort—a silent reminder of the daily struggle. With resolve tempered by hardship, Miriam carried on, determined to provide for her family even when hope felt like a distant memory."
1261,2,6,4,"Jason’s eyes darted across the dimly lit parking garage as he exited his car in the dead of night. Rain slicked the pavement, and a distant siren wailed as if warning him of imminent danger. In the shadows, every movement became a potential threat. His hand brushed against the cold metal of the concealed weapon at his side. Earlier that evening, a cryptic phone call had instructed him to meet a contact at this very location, where nothing was as it seemed. With his heart pounding and instincts on high alert, Jason took a cautious step forward, aware that every moment could ignite a chain reaction of unforeseen peril."
1293,4,7,5,"Dylan’s eyes snapped open. He turned to his alarm clock.
 8:12 a.m. He stared at it for two full seconds before leaping out of bed. “Mom! Why didn’t you wake me up?!” he shouted, grabbing yesterday’s T-shirt off the floor. He shoved one sock on, then the other, and stuffed a granola bar into his hoodie pocket. <br><br>
The bus came at 8:15. He had exactly three minutes. Shoes barely tied, he burst out the front door, backpack swinging wildly. As he reached the corner, he saw the bus—already at his stop. The doors closed. It started to pull away."
1295,4,5,3,"In the neon glow of a futuristic metropolis, Jax adjusted the controls on his hovering bike as he navigated the bustling sky lanes. It was another routine day in the sprawling city of Neo-Arcadia—a place where technology blurred the lines between human and machine. As he soared past holographic billboards and automated drones, a sudden alert on his wrist communicator disrupted his monotony. An encrypted message from an old friend hinted at a conspiracy involving the city’s governing AI. The standard mix of excitement and apprehension set in, as Jax knew all too well that this was the beginning of an adventure. His journey into a digital labyrinth was about to begin."
130,5,6,4,"In the neon glow of a futuristic metropolis, Jax adjusted the controls on his hovering bike as he navigated the bustling sky lanes. It was another routine day in the sprawling city of Neo-Arcadia—a place where technology blurred the lines between human and machine. As he soared past holographic billboards and automated drones, a sudden alert on his wrist communicator disrupted his monotony. An encrypted message from an old friend hinted at a conspiracy involving the city’s governing AI. The standard mix of excitement and apprehension set in, as Jax knew all too well that this was the beginning of an adventure. His journey into a digital labyrinth was about to begin."
1304,3,5,4,"In the neon glow of a futuristic metropolis, Jax adjusted the controls on his hovering bike as he navigated the bustling sky lanes. It was another routine day in the sprawling city of Neo-Arcadia—a place where technology blurred the lines between human and machine. As he soared past holographic billboards and automated drones, a sudden alert on his wrist communicator disrupted his monotony. An encrypted message from an old friend hinted at a conspiracy involving the city’s governing AI. The standard mix of excitement and apprehension set in, as Jax knew all too well that this was the beginning of an adventure. His journey into a digital labyrinth was about to begin."
1312,3,3,3,"In the pale light of a post-war morning, Miriam stepped onto the cracked cobblestones of a small town scarred by conflict. Clutching her threadbare shawl close, she made her way toward the modest market, where sparse vendors sold their remaining wares with heavy hearts. The low murmur of neighbors echoed the quiet despair of rebuilding lives amid lingering loss. As she paused by a worn fruit stand, a brief nod from a weary stranger offered little comfort—a silent reminder of the daily struggle. With resolve tempered by hardship, Miriam carried on, determined to provide for her family even when hope felt like a distant memory."
133,4,6,5,"Jason’s eyes darted across the dimly lit parking garage as he exited his car in the dead of night. Rain slicked the pavement, and a distant siren wailed as if warning him of imminent danger. In the shadows, every movement became a potential threat. His hand brushed against the cold metal of the concealed weapon at his side. Earlier that evening, a cryptic phone call had instructed him to meet a contact at this very location, where nothing was as it seemed. With his heart pounding and instincts on high alert, Jason took a cautious step forward, aware that every moment could ignite a chain reaction of unforeseen peril."
1331,2,6,2,"Jason’s eyes darted across the dimly lit parking garage as he exited his car in the dead of night. Rain slicked the pavement, and a distant siren wailed as if warning him of imminent danger. In the shadows, every movement became a potential threat. His hand brushed against the cold metal of the concealed weapon at his side. Earlier that evening, a cryptic phone call had instructed him to meet a contact at this very location, where nothing was as it seemed. With his heart pounding and instincts on high alert, Jason took a cautious step forward, aware that every moment could ignite a chain reaction of unforeseen peril."
1332,7,4,3,"Princess Yoko wandered through the royal gardens as the morning light softly illuminated glistening dew on freshly bloomed roses and perfectly pruned hedges. It was the day of the grand ball—a cherished event where noble suitors traditionally gathered to win her heart. Yet, while she took in the elegant fountains and timeless statues, her thoughts strayed to a life of freedom far beyond the palace confines. The gentle chorus of birds and hushed whispers of the staff only amplified her inner longing for self-determination.<br><br>

With each measured step, Yoko’s determination solidified. No longer willing to be merely the emblem of regal tradition, she resolved that tonight, beneath the veil of dusk, she would vanish into the night to forge her own path. Wearing a modest dress that belied the fierce spirit within, she cast a final, reflective look toward the ballroom, ready to embrace the unpredictable journey that lay beyond the castle gates."
1333,4,6,3,"Sasha’s small fingers trembled with excitement as she peeled away another strip of the faded wallpaper. She had discovered the corner of a door behind the peeling paper in the attic last week, and today she could no longer resist exploring further. With each tug, more of the wooden door was revealed, along with an old-fashioned keyhole that seemed to wink at her in the dim attic light. She wasn’t supposed to play up here alone, but something about the hidden door was too intriguing — almost as if it was calling her.<br><br>
As thunder rumbled outside, Sasha pressed her ear against the cool, dusty wood. At first, she heard nothing but the thud of her own heartbeat. Then, ever so faintly, she caught what sounded like a whisper: her own name. Sasha’s breath hitched. She glanced over her shoulder, half expecting to find her older brother playing a prank, but the attic was empty except for shadows. Gathering her courage, she nudged the door. It didn’t budge, but a thin line of golden light appeared around the edges, sending dust motes dancing in its glow. Sasha’s imagination raced — was this a doorway to a secret playroom, a magical kingdom, or something else entirely? She knew only one way to find out."
1342,3,6,3,"In the neon glow of a futuristic metropolis, Jax adjusted the controls on his hovering bike as he navigated the bustling sky lanes. It was another routine day in the sprawling city of Neo-Arcadia—a place where technology blurred the lines between human and machine. As he soared past holographic billboards and automated drones, a sudden alert on his wrist communicator disrupted his monotony. An encrypted message from an old friend hinted at a conspiracy involving the city’s governing AI. The standard mix of excitement and apprehension set in, as Jax knew all too well that this was the beginning of an adventure. His journey into a digital labyrinth was about to begin."
1345,1,6,3,"Mira fumbled for the light switch and flipped open her leather-bound diary, ready to pen the day’s events as she did every evening. But tonight, her hand froze. The page for today’s date was already filled with neat lines of handwriting that looked exactly like her own. Heart pounding, Mira leaned in. The entry described her entire day in uncanny detail — the burnt toast at breakfast, the pop quiz in biology class, even the strange cat that had trailed her halfway home.<br><br>
She hadn’t written a single word, yet there it was: her day retold from start to finish. Mira’s throat went dry as she scanned the final lines. The diary entry ended with a detail so fresh it hadn’t even happened when she climbed the stairs: “At 10:17 PM, Mira gasps in disbelief, reading these words.” The digital clock on her desk blinked 10:17 PM.<br><br>
Mira slammed the diary shut and backed away as if it might bite. Her mind raced through a dozen explanations — a prank, a lapse in memory, something beyond reality itself. For a moment, she couldn't tell if the chill that ran through her came from the night air leaking through the window or the unsettling words on the page. Trembling, she realized her safe little world had cracked open, and whatever was happening was only just beginning."
1360,4,5,5,"Sasha’s small fingers trembled with excitement as she peeled away another strip of the faded wallpaper. She had discovered the corner of a door behind the peeling paper in the attic last week, and today she could no longer resist exploring further. With each tug, more of the wooden door was revealed, along with an old-fashioned keyhole that seemed to wink at her in the dim attic light. She wasn’t supposed to play up here alone, but something about the hidden door was too intriguing — almost as if it was calling her.<br><br>
As thunder rumbled outside, Sasha pressed her ear against the cool, dusty wood. At first, she heard nothing but the thud of her own heartbeat. Then, ever so faintly, she caught what sounded like a whisper: her own name. Sasha’s breath hitched. She glanced over her shoulder, half expecting to find her older brother playing a prank, but the attic was empty except for shadows. Gathering her courage, she nudged the door. It didn’t budge, but a thin line of golden light appeared around the edges, sending dust motes dancing in its glow. Sasha’s imagination raced — was this a doorway to a secret playroom, a magical kingdom, or something else entirely? She knew only one way to find out."
1383,2,2,3,"In the pale light of a post-war morning, Miriam stepped onto the cracked cobblestones of a small town scarred by conflict. Clutching her threadbare shawl close, she made her way toward the modest market, where sparse vendors sold their remaining wares with heavy hearts. The low murmur of neighbors echoed the quiet despair of rebuilding lives amid lingering loss. As she paused by a worn fruit stand, a brief nod from a weary stranger offered little comfort—a silent reminder of the daily struggle. With resolve tempered by hardship, Miriam carried on, determined to provide for her family even when hope felt like a distant memory."
1393,7,7,4,"Princess Yoko wandered through the royal gardens as the morning light softly illuminated glistening dew on freshly bloomed roses and perfectly pruned hedges. It was the day of the grand ball—a cherished event where noble suitors traditionally gathered to win her heart. Yet, while she took in the elegant fountains and timeless statues, her thoughts strayed to a life of freedom far beyond the palace confines. The gentle chorus of birds and hushed whispers of the staff only amplified her inner longing for self-determination.<br><br>

With each measured step, Yoko’s determination solidified. No longer willing to be merely the emblem of regal tradition, she resolved that tonight, beneath the veil of dusk, she would vanish into the night to forge her own path. Wearing a modest dress that belied the fierce spirit within, she cast a final, reflective look toward the ballroom, ready to embrace the unpredictable journey that lay beyond the castle gates."
1395,4,3,3,"In the neon glow of a futuristic metropolis, Jax adjusted the controls on his hovering bike as he navigated the bustling sky lanes. It was another routine day in the sprawling city of Neo-Arcadia—a place where technology blurred the lines between human and machine. As he soared past holographic billboards and automated drones, a sudden alert on his wrist communicator disrupted his monotony. An encrypted message from an old friend hinted at a conspiracy involving the city’s governing AI. The standard mix of excitement and apprehension set in, as Jax knew all too well that this was the beginning of an adventure. His journey into a digital labyrinth was about to begin."
1404,4,5,3,"Princess Yoko wandered through the royal gardens as the morning light softly illuminated glistening dew on freshly bloomed roses and perfectly pruned hedges. It was the day of the grand ball—a cherished event where noble suitors traditionally gathered to win her heart. Yet, while she took in the elegant fountains and timeless statues, her thoughts strayed to a life of freedom far beyond the palace confines. The gentle chorus of birds and hushed whispers of the staff only amplified her inner longing for self-determination.<br><br>

With each measured step, Yoko’s determination solidified. No longer willing to be merely the emblem of regal tradition, she resolved that tonight, beneath the veil of dusk, she would vanish into the night to forge her own path. Wearing a modest dress that belied the fierce spirit within, she cast a final, reflective look toward the ballroom, ready to embrace the unpredictable journey that lay beyond the castle gates."
1422,5,3,4,"In the pale light of a post-war morning, Miriam stepped onto the cracked cobblestones of a small town scarred by conflict. Clutching her threadbare shawl close, she made her way toward the modest market, where sparse vendors sold their remaining wares with heavy hearts. The low murmur of neighbors echoed the quiet despair of rebuilding lives amid lingering loss. As she paused by a worn fruit stand, a brief nod from a weary stranger offered little comfort—a silent reminder of the daily struggle. With resolve tempered by hardship, Miriam carried on, determined to provide for her family even when hope felt like a distant memory."
1427,6,5,3,"Aelin strode into the bustling market square of Eldoria, where magic and myth were as common as the wares on every stall. Having just left her quiet village, she hoped to find clues about her mysterious heritage. Stalls adorned with enchanted trinkets and potions lined the cobblestone streets, while townsfolk chattered about an ancient prophecy. Amid the clamor, a hooded figure approached her with a worn map and a knowing smile. The promise of adventure hung in the air like a whispered legend. With her heart pounding in anticipation of quests and magic, Aelin sensed that her journey was destined to follow the well-worn path of epic tales she’d read since childhood."
1428,2,6,4,"Mira fumbled for the light switch and flipped open her leather-bound diary, ready to pen the day’s events as she did every evening. But tonight, her hand froze. The page for today’s date was already filled with neat lines of handwriting that looked exactly like her own. Heart pounding, Mira leaned in. The entry described her entire day in uncanny detail — the burnt toast at breakfast, the pop quiz in biology class, even the strange cat that had trailed her halfway home.<br><br>
She hadn’t written a single word, yet there it was: her day retold from start to finish. Mira’s throat went dry as she scanned the final lines. The diary entry ended with a detail so fresh it hadn’t even happened when she climbed the stairs: “At 10:17 PM, Mira gasps in disbelief, reading these words.” The digital clock on her desk blinked 10:17 PM.<br><br>
Mira slammed the diary shut and backed away as if it might bite. Her mind raced through a dozen explanations — a prank, a lapse in memory, something beyond reality itself. For a moment, she couldn't tell if the chill that ran through her came from the night air leaking through the window or the unsettling words on the page. Trembling, she realized her safe little world had cracked open, and whatever was happening was only just beginning."
143,6,6,5,"Aelin strode into the bustling market square of Eldoria, where magic and myth were as common as the wares on every stall. Having just left her quiet village, she hoped to find clues about her mysterious heritage. Stalls adorned with enchanted trinkets and potions lined the cobblestone streets, while townsfolk chattered about an ancient prophecy. Amid the clamor, a hooded figure approached her with a worn map and a knowing smile. The promise of adventure hung in the air like a whispered legend. With her heart pounding in anticipation of quests and magic, Aelin sensed that her journey was destined to follow the well-worn path of epic tales she’d read since childhood."
1433,3,5,4,"Jason’s eyes darted across the dimly lit parking garage as he exited his car in the dead of night. Rain slicked the pavement, and a distant siren wailed as if warning him of imminent danger. In the shadows, every movement became a potential threat. His hand brushed against the cold metal of the concealed weapon at his side. Earlier that evening, a cryptic phone call had instructed him to meet a contact at this very location, where nothing was as it seemed. With his heart pounding and instincts on high alert, Jason took a cautious step forward, aware that every moment could ignite a chain reaction of unforeseen peril."
1435,5,4,3,"Sasha’s small fingers trembled with excitement as she peeled away another strip of the faded wallpaper. She had discovered the corner of a door behind the peeling paper in the attic last week, and today she could no longer resist exploring further. With each tug, more of the wooden door was revealed, along with an old-fashioned keyhole that seemed to wink at her in the dim attic light. She wasn’t supposed to play up here alone, but something about the hidden door was too intriguing — almost as if it was calling her.<br><br>
As thunder rumbled outside, Sasha pressed her ear against the cool, dusty wood. At first, she heard nothing but the thud of her own heartbeat. Then, ever so faintly, she caught what sounded like a whisper: her own name. Sasha’s breath hitched. She glanced over her shoulder, half expecting to find her older brother playing a prank, but the attic was empty except for shadows. Gathering her courage, she nudged the door. It didn’t budge, but a thin line of golden light appeared around the edges, sending dust motes dancing in its glow. Sasha’s imagination raced — was this a doorway to a secret playroom, a magical kingdom, or something else entirely? She knew only one way to find out."
144,3,4,3,"In the neon glow of a futuristic metropolis, Jax adjusted the controls on his hovering bike as he navigated the bustling sky lanes. It was another routine day in the sprawling city of Neo-Arcadia—a place where technology blurred the lines between human and machine. As he soared past holographic billboards and automated drones, a sudden alert on his wrist communicator disrupted his monotony. An encrypted message from an old friend hinted at a conspiracy involving the city’s governing AI. The standard mix of excitement and apprehension set in, as Jax knew all too well that this was the beginning of an adventure. His journey into a digital labyrinth was about to begin."
1453,4,6,3,"Princess Yoko wandered through the royal gardens as the morning light softly illuminated glistening dew on freshly bloomed roses and perfectly pruned hedges. It was the day of the grand ball—a cherished event where noble suitors traditionally gathered to win her heart. Yet, while she took in the elegant fountains and timeless statues, her thoughts strayed to a life of freedom far beyond the palace confines. The gentle chorus of birds and hushed whispers of the staff only amplified her inner longing for self-determination.<br><br>

With each measured step, Yoko’s determination solidified. No longer willing to be merely the emblem of regal tradition, she resolved that tonight, beneath the veil of dusk, she would vanish into the night to forge her own path. Wearing a modest dress that belied the fierce spirit within, she cast a final, reflective look toward the ballroom, ready to embrace the unpredictable journey that lay beyond the castle gates."
147,3,6,5,"Dylan’s eyes snapped open. He turned to his alarm clock.
 8:12 a.m. He stared at it for two full seconds before leaping out of bed. “Mom! Why didn’t you wake me up?!” he shouted, grabbing yesterday’s T-shirt off the floor. He shoved one sock on, then the other, and stuffed a granola bar into his hoodie pocket. <br><br>
The bus came at 8:15. He had exactly three minutes. Shoes barely tied, he burst out the front door, backpack swinging wildly. As he reached the corner, he saw the bus—already at his stop. The doors closed. It started to pull away."
1478,6,6,5,"Dylan’s eyes snapped open. He turned to his alarm clock.
 8:12 a.m. He stared at it for two full seconds before leaping out of bed. “Mom! Why didn’t you wake me up?!” he shouted, grabbing yesterday’s T-shirt off the floor. He shoved one sock on, then the other, and stuffed a granola bar into his hoodie pocket. <br><br>
The bus came at 8:15. He had exactly three minutes. Shoes barely tied, he burst out the front door, backpack swinging wildly. As he reached the corner, he saw the bus—already at his stop. The doors closed. It started to pull away."
151,3,5,4,"Mira fumbled for the light switch and flipped open her leather-bound diary, ready to pen the day’s events as she did every evening. But tonight, her hand froze. The page for today’s date was already filled with neat lines of handwriting that looked exactly like her own. Heart pounding, Mira leaned in. The entry described her entire day in uncanny detail — the burnt toast at breakfast, the pop quiz in biology class, even the strange cat that had trailed her halfway home.<br><br>
She hadn’t written a single word, yet there it was: her day retold from start to finish. Mira’s throat went dry as she scanned the final lines. The diary entry ended with a detail so fresh it hadn’t even happened when she climbed the stairs: “At 10:17 PM, Mira gasps in disbelief, reading these words.” The digital clock on her desk blinked 10:17 PM.<br><br>
Mira slammed the diary shut and backed away as if it might bite. Her mind raced through a dozen explanations — a prank, a lapse in memory, something beyond reality itself. For a moment, she couldn't tell if the chill that ran through her came from the night air leaking through the window or the unsettling words on the page. Trembling, she realized her safe little world had cracked open, and whatever was happening was only just beginning."
1516,7,5,3,"Princess Yoko wandered through the royal gardens as the morning light softly illuminated glistening dew on freshly bloomed roses and perfectly pruned hedges. It was the day of the grand ball—a cherished event where noble suitors traditionally gathered to win her heart. Yet, while she took in the elegant fountains and timeless statues, her thoughts strayed to a life of freedom far beyond the palace confines. The gentle chorus of birds and hushed whispers of the staff only amplified her inner longing for self-determination.<br><br>

With each measured step, Yoko’s determination solidified. No longer willing to be merely the emblem of regal tradition, she resolved that tonight, beneath the veil of dusk, she would vanish into the night to forge her own path. Wearing a modest dress that belied the fierce spirit within, she cast a final, reflective look toward the ballroom, ready to embrace the unpredictable journey that lay beyond the castle gates."
1529,4,5,3,"Princess Yoko wandered through the royal gardens as the morning light softly illuminated glistening dew on freshly bloomed roses and perfectly pruned hedges. It was the day of the grand ball—a cherished event where noble suitors traditionally gathered to win her heart. Yet, while she took in the elegant fountains and timeless statues, her thoughts strayed to a life of freedom far beyond the palace confines. The gentle chorus of birds and hushed whispers of the staff only amplified her inner longing for self-determination.<br><br>

With each measured step, Yoko’s determination solidified. No longer willing to be merely the emblem of regal tradition, she resolved that tonight, beneath the veil of dusk, she would vanish into the night to forge her own path. Wearing a modest dress that belied the fierce spirit within, she cast a final, reflective look toward the ballroom, ready to embrace the unpredictable journey that lay beyond the castle gates."
1534,4,5,4,"Dylan’s eyes snapped open. He turned to his alarm clock.
 8:12 a.m. He stared at it for two full seconds before leaping out of bed. “Mom! Why didn’t you wake me up?!” he shouted, grabbing yesterday’s T-shirt off the floor. He shoved one sock on, then the other, and stuffed a granola bar into his hoodie pocket. <br><br>
The bus came at 8:15. He had exactly three minutes. Shoes barely tied, he burst out the front door, backpack swinging wildly. As he reached the corner, he saw the bus—already at his stop. The doors closed. It started to pull away."
1536,3,6,3,"Dylan’s eyes snapped open. He turned to his alarm clock.
 8:12 a.m. He stared at it for two full seconds before leaping out of bed. “Mom! Why didn’t you wake me up?!” he shouted, grabbing yesterday’s T-shirt off the floor. He shoved one sock on, then the other, and stuffed a granola bar into his hoodie pocket. <br><br>
The bus came at 8:15. He had exactly three minutes. Shoes barely tied, he burst out the front door, backpack swinging wildly. As he reached the corner, he saw the bus—already at his stop. The doors closed. It started to pull away."
1538,4,6,3,"Dylan’s eyes snapped open. He turned to his alarm clock.
 8:12 a.m. He stared at it for two full seconds before leaping out of bed. “Mom! Why didn’t you wake me up?!” he shouted, grabbing yesterday’s T-shirt off the floor. He shoved one sock on, then the other, and stuffed a granola bar into his hoodie pocket. <br><br>
The bus came at 8:15. He had exactly three minutes. Shoes barely tied, he burst out the front door, backpack swinging wildly. As he reached the corner, he saw the bus—already at his stop. The doors closed. It started to pull away."
1573,1,5,4,"Jason’s eyes darted across the dimly lit parking garage as he exited his car in the dead of night. Rain slicked the pavement, and a distant siren wailed as if warning him of imminent danger. In the shadows, every movement became a potential threat. His hand brushed against the cold metal of the concealed weapon at his side. Earlier that evening, a cryptic phone call had instructed him to meet a contact at this very location, where nothing was as it seemed. With his heart pounding and instincts on high alert, Jason took a cautious step forward, aware that every moment could ignite a chain reaction of unforeseen peril."
1588,2,2,3,"In the pale light of a post-war morning, Miriam stepped onto the cracked cobblestones of a small town scarred by conflict. Clutching her threadbare shawl close, she made her way toward the modest market, where sparse vendors sold their remaining wares with heavy hearts. The low murmur of neighbors echoed the quiet despair of rebuilding lives amid lingering loss. As she paused by a worn fruit stand, a brief nod from a weary stranger offered little comfort—a silent reminder of the daily struggle. With resolve tempered by hardship, Miriam carried on, determined to provide for her family even when hope felt like a distant memory."
1599,3,4,5,"In the pale light of a post-war morning, Miriam stepped onto the cracked cobblestones of a small town scarred by conflict. Clutching her threadbare shawl close, she made her way toward the modest market, where sparse vendors sold their remaining wares with heavy hearts. The low murmur of neighbors echoed the quiet despair of rebuilding lives amid lingering loss. As she paused by a worn fruit stand, a brief nod from a weary stranger offered little comfort—a silent reminder of the daily struggle. With resolve tempered by hardship, Miriam carried on, determined to provide for her family even when hope felt like a distant memory."
1611,5,2,3,"In the pale light of a post-war morning, Miriam stepped onto the cracked cobblestones of a small town scarred by conflict. Clutching her threadbare shawl close, she made her way toward the modest market, where sparse vendors sold their remaining wares with heavy hearts. The low murmur of neighbors echoed the quiet despair of rebuilding lives amid lingering loss. As she paused by a worn fruit stand, a brief nod from a weary stranger offered little comfort—a silent reminder of the daily struggle. With resolve tempered by hardship, Miriam carried on, determined to provide for her family even when hope felt like a distant memory."
1632,4,6,3,"Sasha’s small fingers trembled with excitement as she peeled away another strip of the faded wallpaper. She had discovered the corner of a door behind the peeling paper in the attic last week, and today she could no longer resist exploring further. With each tug, more of the wooden door was revealed, along with an old-fashioned keyhole that seemed to wink at her in the dim attic light. She wasn’t supposed to play up here alone, but something about the hidden door was too intriguing — almost as if it was calling her.<br><br>
As thunder rumbled outside, Sasha pressed her ear against the cool, dusty wood. At first, she heard nothing but the thud of her own heartbeat. Then, ever so faintly, she caught what sounded like a whisper: her own name. Sasha’s breath hitched. She glanced over her shoulder, half expecting to find her older brother playing a prank, but the attic was empty except for shadows. Gathering her courage, she nudged the door. It didn’t budge, but a thin line of golden light appeared around the edges, sending dust motes dancing in its glow. Sasha’s imagination raced — was this a doorway to a secret playroom, a magical kingdom, or something else entirely? She knew only one way to find out."
1635,4,4,4,"Princess Yoko wandered through the royal gardens as the morning light softly illuminated glistening dew on freshly bloomed roses and perfectly pruned hedges. It was the day of the grand ball—a cherished event where noble suitors traditionally gathered to win her heart. Yet, while she took in the elegant fountains and timeless statues, her thoughts strayed to a life of freedom far beyond the palace confines. The gentle chorus of birds and hushed whispers of the staff only amplified her inner longing for self-determination.<br><br>

With each measured step, Yoko’s determination solidified. No longer willing to be merely the emblem of regal tradition, she resolved that tonight, beneath the veil of dusk, she would vanish into the night to forge her own path. Wearing a modest dress that belied the fierce spirit within, she cast a final, reflective look toward the ballroom, ready to embrace the unpredictable journey that lay beyond the castle gates."
1645,2,5,4,"Jason’s eyes darted across the dimly lit parking garage as he exited his car in the dead of night. Rain slicked the pavement, and a distant siren wailed as if warning him of imminent danger. In the shadows, every movement became a potential threat. His hand brushed against the cold metal of the concealed weapon at his side. Earlier that evening, a cryptic phone call had instructed him to meet a contact at this very location, where nothing was as it seemed. With his heart pounding and instincts on high alert, Jason took a cautious step forward, aware that every moment could ignite a chain reaction of unforeseen peril."
1658,5,6,3,"Sasha’s small fingers trembled with excitement as she peeled away another strip of the faded wallpaper. She had discovered the corner of a door behind the peeling paper in the attic last week, and today she could no longer resist exploring further. With each tug, more of the wooden door was revealed, along with an old-fashioned keyhole that seemed to wink at her in the dim attic light. She wasn’t supposed to play up here alone, but something about the hidden door was too intriguing — almost as if it was calling her.<br><br>
As thunder rumbled outside, Sasha pressed her ear against the cool, dusty wood. At first, she heard nothing but the thud of her own heartbeat. Then, ever so faintly, she caught what sounded like a whisper: her own name. Sasha’s breath hitched. She glanced over her shoulder, half expecting to find her older brother playing a prank, but the attic was empty except for shadows. Gathering her courage, she nudged the door. It didn’t budge, but a thin line of golden light appeared around the edges, sending dust motes dancing in its glow. Sasha’s imagination raced — was this a doorway to a secret playroom, a magical kingdom, or something else entirely? She knew only one way to find out."
166,2,6,1,"Dylan’s eyes snapped open. He turned to his alarm clock.
 8:12 a.m. He stared at it for two full seconds before leaping out of bed. “Mom! Why didn’t you wake me up?!” he shouted, grabbing yesterday’s T-shirt off the floor. He shoved one sock on, then the other, and stuffed a granola bar into his hoodie pocket. <br><br>
The bus came at 8:15. He had exactly three minutes. Shoes barely tied, he burst out the front door, backpack swinging wildly. As he reached the corner, he saw the bus—already at his stop. The doors closed. It started to pull away."
1660,1,7,5,"Mira fumbled for the light switch and flipped open her leather-bound diary, ready to pen the day’s events as she did every evening. But tonight, her hand froze. The page for today’s date was already filled with neat lines of handwriting that looked exactly like her own. Heart pounding, Mira leaned in. The entry described her entire day in uncanny detail — the burnt toast at breakfast, the pop quiz in biology class, even the strange cat that had trailed her halfway home.<br><br>
She hadn’t written a single word, yet there it was: her day retold from start to finish. Mira’s throat went dry as she scanned the final lines. The diary entry ended with a detail so fresh it hadn’t even happened when she climbed the stairs: “At 10:17 PM, Mira gasps in disbelief, reading these words.” The digital clock on her desk blinked 10:17 PM.<br><br>
Mira slammed the diary shut and backed away as if it might bite. Her mind raced through a dozen explanations — a prank, a lapse in memory, something beyond reality itself. For a moment, she couldn't tell if the chill that ran through her came from the night air leaking through the window or the unsettling words on the page. Trembling, she realized her safe little world had cracked open, and whatever was happening was only just beginning."
1668,6,6,3,"Princess Yoko wandered through the royal gardens as the morning light softly illuminated glistening dew on freshly bloomed roses and perfectly pruned hedges. It was the day of the grand ball—a cherished event where noble suitors traditionally gathered to win her heart. Yet, while she took in the elegant fountains and timeless statues, her thoughts strayed to a life of freedom far beyond the palace confines. The gentle chorus of birds and hushed whispers of the staff only amplified her inner longing for self-determination.<br><br>

With each measured step, Yoko’s determination solidified. No longer willing to be merely the emblem of regal tradition, she resolved that tonight, beneath the veil of dusk, she would vanish into the night to forge her own path. Wearing a modest dress that belied the fierce spirit within, she cast a final, reflective look toward the ballroom, ready to embrace the unpredictable journey that lay beyond the castle gates."
1681,3,5,2,"Jason’s eyes darted across the dimly lit parking garage as he exited his car in the dead of night. Rain slicked the pavement, and a distant siren wailed as if warning him of imminent danger. In the shadows, every movement became a potential threat. His hand brushed against the cold metal of the concealed weapon at his side. Earlier that evening, a cryptic phone call had instructed him to meet a contact at this very location, where nothing was as it seemed. With his heart pounding and instincts on high alert, Jason took a cautious step forward, aware that every moment could ignite a chain reaction of unforeseen peril."
1696,3,6,3,"Mira fumbled for the light switch and flipped open her leather-bound diary, ready to pen the day’s events as she did every evening. But tonight, her hand froze. The page for today’s date was already filled with neat lines of handwriting that looked exactly like her own. Heart pounding, Mira leaned in. The entry described her entire day in uncanny detail — the burnt toast at breakfast, the pop quiz in biology class, even the strange cat that had trailed her halfway home.<br><br>
She hadn’t written a single word, yet there it was: her day retold from start to finish. Mira’s throat went dry as she scanned the final lines. The diary entry ended with a detail so fresh it hadn’t even happened when she climbed the stairs: “At 10:17 PM, Mira gasps in disbelief, reading these words.” The digital clock on her desk blinked 10:17 PM.<br><br>
Mira slammed the diary shut and backed away as if it might bite. Her mind raced through a dozen explanations — a prank, a lapse in memory, something beyond reality itself. For a moment, she couldn't tell if the chill that ran through her came from the night air leaking through the window or the unsettling words on the page. Trembling, she realized her safe little world had cracked open, and whatever was happening was only just beginning."
1697,3,5,4,"Jason’s eyes darted across the dimly lit parking garage as he exited his car in the dead of night. Rain slicked the pavement, and a distant siren wailed as if warning him of imminent danger. In the shadows, every movement became a potential threat. His hand brushed against the cold metal of the concealed weapon at his side. Earlier that evening, a cryptic phone call had instructed him to meet a contact at this very location, where nothing was as it seemed. With his heart pounding and instincts on high alert, Jason took a cautious step forward, aware that every moment could ignite a chain reaction of unforeseen peril."
1744,7,6,3,"Sasha’s small fingers trembled with excitement as she peeled away another strip of the faded wallpaper. She had discovered the corner of a door behind the peeling paper in the attic last week, and today she could no longer resist exploring further. With each tug, more of the wooden door was revealed, along with an old-fashioned keyhole that seemed to wink at her in the dim attic light. She wasn’t supposed to play up here alone, but something about the hidden door was too intriguing — almost as if it was calling her.<br><br>
As thunder rumbled outside, Sasha pressed her ear against the cool, dusty wood. At first, she heard nothing but the thud of her own heartbeat. Then, ever so faintly, she caught what sounded like a whisper: her own name. Sasha’s breath hitched. She glanced over her shoulder, half expecting to find her older brother playing a prank, but the attic was empty except for shadows. Gathering her courage, she nudged the door. It didn’t budge, but a thin line of golden light appeared around the edges, sending dust motes dancing in its glow. Sasha’s imagination raced — was this a doorway to a secret playroom, a magical kingdom, or something else entirely? She knew only one way to find out."
1748,5,5,2,"In the neon glow of a futuristic metropolis, Jax adjusted the controls on his hovering bike as he navigated the bustling sky lanes. It was another routine day in the sprawling city of Neo-Arcadia—a place where technology blurred the lines between human and machine. As he soared past holographic billboards and automated drones, a sudden alert on his wrist communicator disrupted his monotony. An encrypted message from an old friend hinted at a conspiracy involving the city’s governing AI. The standard mix of excitement and apprehension set in, as Jax knew all too well that this was the beginning of an adventure. His journey into a digital labyrinth was about to begin."
1759,5,5,5,"Sasha’s small fingers trembled with excitement as she peeled away another strip of the faded wallpaper. She had discovered the corner of a door behind the peeling paper in the attic last week, and today she could no longer resist exploring further. With each tug, more of the wooden door was revealed, along with an old-fashioned keyhole that seemed to wink at her in the dim attic light. She wasn’t supposed to play up here alone, but something about the hidden door was too intriguing — almost as if it was calling her.<br><br>
As thunder rumbled outside, Sasha pressed her ear against the cool, dusty wood. At first, she heard nothing but the thud of her own heartbeat. Then, ever so faintly, she caught what sounded like a whisper: her own name. Sasha’s breath hitched. She glanced over her shoulder, half expecting to find her older brother playing a prank, but the attic was empty except for shadows. Gathering her courage, she nudged the door. It didn’t budge, but a thin line of golden light appeared around the edges, sending dust motes dancing in its glow. Sasha’s imagination raced — was this a doorway to a secret playroom, a magical kingdom, or something else entirely? She knew only one way to find out."
1780,2,1,2,"In the pale light of a post-war morning, Miriam stepped onto the cracked cobblestones of a small town scarred by conflict. Clutching her threadbare shawl close, she made her way toward the modest market, where sparse vendors sold their remaining wares with heavy hearts. The low murmur of neighbors echoed the quiet despair of rebuilding lives amid lingering loss. As she paused by a worn fruit stand, a brief nod from a weary stranger offered little comfort—a silent reminder of the daily struggle. With resolve tempered by hardship, Miriam carried on, determined to provide for her family even when hope felt like a distant memory."
1783,3,6,3,"Dylan’s eyes snapped open. He turned to his alarm clock.
 8:12 a.m. He stared at it for two full seconds before leaping out of bed. “Mom! Why didn’t you wake me up?!” he shouted, grabbing yesterday’s T-shirt off the floor. He shoved one sock on, then the other, and stuffed a granola bar into his hoodie pocket. <br><br>
The bus came at 8:15. He had exactly three minutes. Shoes barely tied, he burst out the front door, backpack swinging wildly. As he reached the corner, he saw the bus—already at his stop. The doors closed. It started to pull away."
1784,6,4,3,"Aelin strode into the bustling market square of Eldoria, where magic and myth were as common as the wares on every stall. Having just left her quiet village, she hoped to find clues about her mysterious heritage. Stalls adorned with enchanted trinkets and potions lined the cobblestone streets, while townsfolk chattered about an ancient prophecy. Amid the clamor, a hooded figure approached her with a worn map and a knowing smile. The promise of adventure hung in the air like a whispered legend. With her heart pounding in anticipation of quests and magic, Aelin sensed that her journey was destined to follow the well-worn path of epic tales she’d read since childhood."
179,2,7,5,"Mira fumbled for the light switch and flipped open her leather-bound diary, ready to pen the day’s events as she did every evening. But tonight, her hand froze. The page for today’s date was already filled with neat lines of handwriting that looked exactly like her own. Heart pounding, Mira leaned in. The entry described her entire day in uncanny detail — the burnt toast at breakfast, the pop quiz in biology class, even the strange cat that had trailed her halfway home.<br><br>
She hadn’t written a single word, yet there it was: her day retold from start to finish. Mira’s throat went dry as she scanned the final lines. The diary entry ended with a detail so fresh it hadn’t even happened when she climbed the stairs: “At 10:17 PM, Mira gasps in disbelief, reading these words.” The digital clock on her desk blinked 10:17 PM.<br><br>
Mira slammed the diary shut and backed away as if it might bite. Her mind raced through a dozen explanations — a prank, a lapse in memory, something beyond reality itself. For a moment, she couldn't tell if the chill that ran through her came from the night air leaking through the window or the unsettling words on the page. Trembling, she realized her safe little world had cracked open, and whatever was happening was only just beginning."
1791,6,6,4,"In the neon glow of a futuristic metropolis, Jax adjusted the controls on his hovering bike as he navigated the bustling sky lanes. It was another routine day in the sprawling city of Neo-Arcadia—a place where technology blurred the lines between human and machine. As he soared past holographic billboards and automated drones, a sudden alert on his wrist communicator disrupted his monotony. An encrypted message from an old friend hinted at a conspiracy involving the city’s governing AI. The standard mix of excitement and apprehension set in, as Jax knew all too well that this was the beginning of an adventure. His journey into a digital labyrinth was about to begin."
180,2,7,5,"Jason’s eyes darted across the dimly lit parking garage as he exited his car in the dead of night. Rain slicked the pavement, and a distant siren wailed as if warning him of imminent danger. In the shadows, every movement became a potential threat. His hand brushed against the cold metal of the concealed weapon at his side. Earlier that evening, a cryptic phone call had instructed him to meet a contact at this very location, where nothing was as it seemed. With his heart pounding and instincts on high alert, Jason took a cautious step forward, aware that every moment could ignite a chain reaction of unforeseen peril."
1802,3,1,3,"In the pale light of a post-war morning, Miriam stepped onto the cracked cobblestones of a small town scarred by conflict. Clutching her threadbare shawl close, she made her way toward the modest market, where sparse vendors sold their remaining wares with heavy hearts. The low murmur of neighbors echoed the quiet despair of rebuilding lives amid lingering loss. As she paused by a worn fruit stand, a brief nod from a weary stranger offered little comfort—a silent reminder of the daily struggle. With resolve tempered by hardship, Miriam carried on, determined to provide for her family even when hope felt like a distant memory."
1810,4,5,3,"Dylan’s eyes snapped open. He turned to his alarm clock.
 8:12 a.m. He stared at it for two full seconds before leaping out of bed. “Mom! Why didn’t you wake me up?!” he shouted, grabbing yesterday’s T-shirt off the floor. He shoved one sock on, then the other, and stuffed a granola bar into his hoodie pocket. <br><br>
The bus came at 8:15. He had exactly three minutes. Shoes barely tied, he burst out the front door, backpack swinging wildly. As he reached the corner, he saw the bus—already at his stop. The doors closed. It started to pull away."
1847,6,5,2,"Aelin strode into the bustling market square of Eldoria, where magic and myth were as common as the wares on every stall. Having just left her quiet village, she hoped to find clues about her mysterious heritage. Stalls adorned with enchanted trinkets and potions lined the cobblestone streets, while townsfolk chattered about an ancient prophecy. Amid the clamor, a hooded figure approached her with a worn map and a knowing smile. The promise of adventure hung in the air like a whispered legend. With her heart pounding in anticipation of quests and magic, Aelin sensed that her journey was destined to follow the well-worn path of epic tales she’d read since childhood."
186,2,3,5,"In the pale light of a post-war morning, Miriam stepped onto the cracked cobblestones of a small town scarred by conflict. Clutching her threadbare shawl close, she made her way toward the modest market, where sparse vendors sold their remaining wares with heavy hearts. The low murmur of neighbors echoed the quiet despair of rebuilding lives amid lingering loss. As she paused by a worn fruit stand, a brief nod from a weary stranger offered little comfort—a silent reminder of the daily struggle. With resolve tempered by hardship, Miriam carried on, determined to provide for her family even when hope felt like a distant memory."
1861,5,5,4,"Sasha’s small fingers trembled with excitement as she peeled away another strip of the faded wallpaper. She had discovered the corner of a door behind the peeling paper in the attic last week, and today she could no longer resist exploring further. With each tug, more of the wooden door was revealed, along with an old-fashioned keyhole that seemed to wink at her in the dim attic light. She wasn’t supposed to play up here alone, but something about the hidden door was too intriguing — almost as if it was calling her.<br><br>
As thunder rumbled outside, Sasha pressed her ear against the cool, dusty wood. At first, she heard nothing but the thud of her own heartbeat. Then, ever so faintly, she caught what sounded like a whisper: her own name. Sasha’s breath hitched. She glanced over her shoulder, half expecting to find her older brother playing a prank, but the attic was empty except for shadows. Gathering her courage, she nudged the door. It didn’t budge, but a thin line of golden light appeared around the edges, sending dust motes dancing in its glow. Sasha’s imagination raced — was this a doorway to a secret playroom, a magical kingdom, or something else entirely? She knew only one way to find out."
191,7,7,5,"Princess Yoko wandered through the royal gardens as the morning light softly illuminated glistening dew on freshly bloomed roses and perfectly pruned hedges. It was the day of the grand ball—a cherished event where noble suitors traditionally gathered to win her heart. Yet, while she took in the elegant fountains and timeless statues, her thoughts strayed to a life of freedom far beyond the palace confines. The gentle chorus of birds and hushed whispers of the staff only amplified her inner longing for self-determination.<br><br>

With each measured step, Yoko’s determination solidified. No longer willing to be merely the emblem of regal tradition, she resolved that tonight, beneath the veil of dusk, she would vanish into the night to forge her own path. Wearing a modest dress that belied the fierce spirit within, she cast a final, reflective look toward the ballroom, ready to embrace the unpredictable journey that lay beyond the castle gates."
1910,2,6,4,"Jason’s eyes darted across the dimly lit parking garage as he exited his car in the dead of night. Rain slicked the pavement, and a distant siren wailed as if warning him of imminent danger. In the shadows, every movement became a potential threat. His hand brushed against the cold metal of the concealed weapon at his side. Earlier that evening, a cryptic phone call had instructed him to meet a contact at this very location, where nothing was as it seemed. With his heart pounding and instincts on high alert, Jason took a cautious step forward, aware that every moment could ignite a chain reaction of unforeseen peril."
1913,7,7,5,"Aelin strode into the bustling market square of Eldoria, where magic and myth were as common as the wares on every stall. Having just left her quiet village, she hoped to find clues about her mysterious heritage. Stalls adorned with enchanted trinkets and potions lined the cobblestone streets, while townsfolk chattered about an ancient prophecy. Amid the clamor, a hooded figure approached her with a worn map and a knowing smile. The promise of adventure hung in the air like a whispered legend. With her heart pounding in anticipation of quests and magic, Aelin sensed that her journey was destined to follow the well-worn path of epic tales she’d read since childhood."
1960,4,6,4,"Dylan’s eyes snapped open. He turned to his alarm clock.
 8:12 a.m. He stared at it for two full seconds before leaping out of bed. “Mom! Why didn’t you wake me up?!” he shouted, grabbing yesterday’s T-shirt off the floor. He shoved one sock on, then the other, and stuffed a granola bar into his hoodie pocket. <br><br>
The bus came at 8:15. He had exactly three minutes. Shoes barely tied, he burst out the front door, backpack swinging wildly. As he reached the corner, he saw the bus—already at his stop. The doors closed. It started to pull away."
2002,3,6,3,"Dylan’s eyes snapped open. He turned to his alarm clock.
 8:12 a.m. He stared at it for two full seconds before leaping out of bed. “Mom! Why didn’t you wake me up?!” he shouted, grabbing yesterday’s T-shirt off the floor. He shoved one sock on, then the other, and stuffed a granola bar into his hoodie pocket. <br><br>
The bus came at 8:15. He had exactly three minutes. Shoes barely tied, he burst out the front door, backpack swinging wildly. As he reached the corner, he saw the bus—already at his stop. The doors closed. It started to pull away."
2027,5,3,1,"Sasha’s small fingers trembled with excitement as she peeled away another strip of the faded wallpaper. She had discovered the corner of a door behind the peeling paper in the attic last week, and today she could no longer resist exploring further. With each tug, more of the wooden door was revealed, along with an old-fashioned keyhole that seemed to wink at her in the dim attic light. She wasn’t supposed to play up here alone, but something about the hidden door was too intriguing — almost as if it was calling her.<br><br>
As thunder rumbled outside, Sasha pressed her ear against the cool, dusty wood. At first, she heard nothing but the thud of her own heartbeat. Then, ever so faintly, she caught what sounded like a whisper: her own name. Sasha’s breath hitched. She glanced over her shoulder, half expecting to find her older brother playing a prank, but the attic was empty except for shadows. Gathering her courage, she nudged the door. It didn’t budge, but a thin line of golden light appeared around the edges, sending dust motes dancing in its glow. Sasha’s imagination raced — was this a doorway to a secret playroom, a magical kingdom, or something else entirely? She knew only one way to find out."
205,4,5,3,"Sasha’s small fingers trembled with excitement as she peeled away another strip of the faded wallpaper. She had discovered the corner of a door behind the peeling paper in the attic last week, and today she could no longer resist exploring further. With each tug, more of the wooden door was revealed, along with an old-fashioned keyhole that seemed to wink at her in the dim attic light. She wasn’t supposed to play up here alone, but something about the hidden door was too intriguing — almost as if it was calling her.<br><br>
As thunder rumbled outside, Sasha pressed her ear against the cool, dusty wood. At first, she heard nothing but the thud of her own heartbeat. Then, ever so faintly, she caught what sounded like a whisper: her own name. Sasha’s breath hitched. She glanced over her shoulder, half expecting to find her older brother playing a prank, but the attic was empty except for shadows. Gathering her courage, she nudged the door. It didn’t budge, but a thin line of golden light appeared around the edges, sending dust motes dancing in its glow. Sasha’s imagination raced — was this a doorway to a secret playroom, a magical kingdom, or something else entirely? She knew only one way to find out."
2054,5,5,5,"In the neon glow of a futuristic metropolis, Jax adjusted the controls on his hovering bike as he navigated the bustling sky lanes. It was another routine day in the sprawling city of Neo-Arcadia—a place where technology blurred the lines between human and machine. As he soared past holographic billboards and automated drones, a sudden alert on his wrist communicator disrupted his monotony. An encrypted message from an old friend hinted at a conspiracy involving the city’s governing AI. The standard mix of excitement and apprehension set in, as Jax knew all too well that this was the beginning of an adventure. His journey into a digital labyrinth was about to begin."
216,3,3,5,"Dylan’s eyes snapped open. He turned to his alarm clock.
 8:12 a.m. He stared at it for two full seconds before leaping out of bed. “Mom! Why didn’t you wake me up?!” he shouted, grabbing yesterday’s T-shirt off the floor. He shoved one sock on, then the other, and stuffed a granola bar into his hoodie pocket. <br><br>
The bus came at 8:15. He had exactly three minutes. Shoes barely tied, he burst out the front door, backpack swinging wildly. As he reached the corner, he saw the bus—already at his stop. The doors closed. It started to pull away."
218,3,6,4,"Mira fumbled for the light switch and flipped open her leather-bound diary, ready to pen the day’s events as she did every evening. But tonight, her hand froze. The page for today’s date was already filled with neat lines of handwriting that looked exactly like her own. Heart pounding, Mira leaned in. The entry described her entire day in uncanny detail — the burnt toast at breakfast, the pop quiz in biology class, even the strange cat that had trailed her halfway home.<br><br>
She hadn’t written a single word, yet there it was: her day retold from start to finish. Mira’s throat went dry as she scanned the final lines. The diary entry ended with a detail so fresh it hadn’t even happened when she climbed the stairs: “At 10:17 PM, Mira gasps in disbelief, reading these words.” The digital clock on her desk blinked 10:17 PM.<br><br>
Mira slammed the diary shut and backed away as if it might bite. Her mind raced through a dozen explanations — a prank, a lapse in memory, something beyond reality itself. For a moment, she couldn't tell if the chill that ran through her came from the night air leaking through the window or the unsettling words on the page. Trembling, she realized her safe little world had cracked open, and whatever was happening was only just beginning."
22,3,5,3,"Jason’s eyes darted across the dimly lit parking garage as he exited his car in the dead of night. Rain slicked the pavement, and a distant siren wailed as if warning him of imminent danger. In the shadows, every movement became a potential threat. His hand brushed against the cold metal of the concealed weapon at his side. Earlier that evening, a cryptic phone call had instructed him to meet a contact at this very location, where nothing was as it seemed. With his heart pounding and instincts on high alert, Jason took a cautious step forward, aware that every moment could ignite a chain reaction of unforeseen peril."
222,7,7,5,"Princess Yoko wandered through the royal gardens as the morning light softly illuminated glistening dew on freshly bloomed roses and perfectly pruned hedges. It was the day of the grand ball—a cherished event where noble suitors traditionally gathered to win her heart. Yet, while she took in the elegant fountains and timeless statues, her thoughts strayed to a life of freedom far beyond the palace confines. The gentle chorus of birds and hushed whispers of the staff only amplified her inner longing for self-determination.<br><br>

With each measured step, Yoko’s determination solidified. No longer willing to be merely the emblem of regal tradition, she resolved that tonight, beneath the veil of dusk, she would vanish into the night to forge her own path. Wearing a modest dress that belied the fierce spirit within, she cast a final, reflective look toward the ballroom, ready to embrace the unpredictable journey that lay beyond the castle gates."
224,6,5,5,"Mira fumbled for the light switch and flipped open her leather-bound diary, ready to pen the day’s events as she did every evening. But tonight, her hand froze. The page for today’s date was already filled with neat lines of handwriting that looked exactly like her own. Heart pounding, Mira leaned in. The entry described her entire day in uncanny detail — the burnt toast at breakfast, the pop quiz in biology class, even the strange cat that had trailed her halfway home.<br><br>
She hadn’t written a single word, yet there it was: her day retold from start to finish. Mira’s throat went dry as she scanned the final lines. The diary entry ended with a detail so fresh it hadn’t even happened when she climbed the stairs: “At 10:17 PM, Mira gasps in disbelief, reading these words.” The digital clock on her desk blinked 10:17 PM.<br><br>
Mira slammed the diary shut and backed away as if it might bite. Her mind raced through a dozen explanations — a prank, a lapse in memory, something beyond reality itself. For a moment, she couldn't tell if the chill that ran through her came from the night air leaking through the window or the unsettling words on the page. Trembling, she realized her safe little world had cracked open, and whatever was happening was only just beginning."
227,1,6,5,"Jason’s eyes darted across the dimly lit parking garage as he exited his car in the dead of night. Rain slicked the pavement, and a distant siren wailed as if warning him of imminent danger. In the shadows, every movement became a potential threat. His hand brushed against the cold metal of the concealed weapon at his side. Earlier that evening, a cryptic phone call had instructed him to meet a contact at this very location, where nothing was as it seemed. With his heart pounding and instincts on high alert, Jason took a cautious step forward, aware that every moment could ignite a chain reaction of unforeseen peril."
228,5,7,3,"Princess Yoko wandered through the royal gardens as the morning light softly illuminated glistening dew on freshly bloomed roses and perfectly pruned hedges. It was the day of the grand ball—a cherished event where noble suitors traditionally gathered to win her heart. Yet, while she took in the elegant fountains and timeless statues, her thoughts strayed to a life of freedom far beyond the palace confines. The gentle chorus of birds and hushed whispers of the staff only amplified her inner longing for self-determination.<br><br>

With each measured step, Yoko’s determination solidified. No longer willing to be merely the emblem of regal tradition, she resolved that tonight, beneath the veil of dusk, she would vanish into the night to forge her own path. Wearing a modest dress that belied the fierce spirit within, she cast a final, reflective look toward the ballroom, ready to embrace the unpredictable journey that lay beyond the castle gates."
23,3,5,4,"In the neon glow of a futuristic metropolis, Jax adjusted the controls on his hovering bike as he navigated the bustling sky lanes. It was another routine day in the sprawling city of Neo-Arcadia—a place where technology blurred the lines between human and machine. As he soared past holographic billboards and automated drones, a sudden alert on his wrist communicator disrupted his monotony. An encrypted message from an old friend hinted at a conspiracy involving the city’s governing AI. The standard mix of excitement and apprehension set in, as Jax knew all too well that this was the beginning of an adventure. His journey into a digital labyrinth was about to begin."
232,5,7,5,"In the neon glow of a futuristic metropolis, Jax adjusted the controls on his hovering bike as he navigated the bustling sky lanes. It was another routine day in the sprawling city of Neo-Arcadia—a place where technology blurred the lines between human and machine. As he soared past holographic billboards and automated drones, a sudden alert on his wrist communicator disrupted his monotony. An encrypted message from an old friend hinted at a conspiracy involving the city’s governing AI. The standard mix of excitement and apprehension set in, as Jax knew all too well that this was the beginning of an adventure. His journey into a digital labyrinth was about to begin."
233,3,6,3,"Dylan’s eyes snapped open. He turned to his alarm clock.
 8:12 a.m. He stared at it for two full seconds before leaping out of bed. “Mom! Why didn’t you wake me up?!” he shouted, grabbing yesterday’s T-shirt off the floor. He shoved one sock on, then the other, and stuffed a granola bar into his hoodie pocket. <br><br>
The bus came at 8:15. He had exactly three minutes. Shoes barely tied, he burst out the front door, backpack swinging wildly. As he reached the corner, he saw the bus—already at his stop. The doors closed. It started to pull away."
236,4,5,3,"Dylan’s eyes snapped open. He turned to his alarm clock.
 8:12 a.m. He stared at it for two full seconds before leaping out of bed. “Mom! Why didn’t you wake me up?!” he shouted, grabbing yesterday’s T-shirt off the floor. He shoved one sock on, then the other, and stuffed a granola bar into his hoodie pocket. <br><br>
The bus came at 8:15. He had exactly three minutes. Shoes barely tied, he burst out the front door, backpack swinging wildly. As he reached the corner, he saw the bus—already at his stop. The doors closed. It started to pull away."
243,4,6,5,"Dylan’s eyes snapped open. He turned to his alarm clock.
 8:12 a.m. He stared at it for two full seconds before leaping out of bed. “Mom! Why didn’t you wake me up?!” he shouted, grabbing yesterday’s T-shirt off the floor. He shoved one sock on, then the other, and stuffed a granola bar into his hoodie pocket. <br><br>
The bus came at 8:15. He had exactly three minutes. Shoes barely tied, he burst out the front door, backpack swinging wildly. As he reached the corner, he saw the bus—already at his stop. The doors closed. It started to pull away."
247,3,6,4,"Jason’s eyes darted across the dimly lit parking garage as he exited his car in the dead of night. Rain slicked the pavement, and a distant siren wailed as if warning him of imminent danger. In the shadows, every movement became a potential threat. His hand brushed against the cold metal of the concealed weapon at his side. Earlier that evening, a cryptic phone call had instructed him to meet a contact at this very location, where nothing was as it seemed. With his heart pounding and instincts on high alert, Jason took a cautious step forward, aware that every moment could ignite a chain reaction of unforeseen peril."
25,4,4,3,"Sasha’s small fingers trembled with excitement as she peeled away another strip of the faded wallpaper. She had discovered the corner of a door behind the peeling paper in the attic last week, and today she could no longer resist exploring further. With each tug, more of the wooden door was revealed, along with an old-fashioned keyhole that seemed to wink at her in the dim attic light. She wasn’t supposed to play up here alone, but something about the hidden door was too intriguing — almost as if it was calling her.<br><br>
As thunder rumbled outside, Sasha pressed her ear against the cool, dusty wood. At first, she heard nothing but the thud of her own heartbeat. Then, ever so faintly, she caught what sounded like a whisper: her own name. Sasha’s breath hitched. She glanced over her shoulder, half expecting to find her older brother playing a prank, but the attic was empty except for shadows. Gathering her courage, she nudged the door. It didn’t budge, but a thin line of golden light appeared around the edges, sending dust motes dancing in its glow. Sasha’s imagination raced — was this a doorway to a secret playroom, a magical kingdom, or something else entirely? She knew only one way to find out."
251,5,4,3,"Aelin strode into the bustling market square of Eldoria, where magic and myth were as common as the wares on every stall. Having just left her quiet village, she hoped to find clues about her mysterious heritage. Stalls adorned with enchanted trinkets and potions lined the cobblestone streets, while townsfolk chattered about an ancient prophecy. Amid the clamor, a hooded figure approached her with a worn map and a knowing smile. The promise of adventure hung in the air like a whispered legend. With her heart pounding in anticipation of quests and magic, Aelin sensed that her journey was destined to follow the well-worn path of epic tales she’d read since childhood."
257,4,5,2,"Princess Yoko wandered through the royal gardens as the morning light softly illuminated glistening dew on freshly bloomed roses and perfectly pruned hedges. It was the day of the grand ball—a cherished event where noble suitors traditionally gathered to win her heart. Yet, while she took in the elegant fountains and timeless statues, her thoughts strayed to a life of freedom far beyond the palace confines. The gentle chorus of birds and hushed whispers of the staff only amplified her inner longing for self-determination.<br><br>

With each measured step, Yoko’s determination solidified. No longer willing to be merely the emblem of regal tradition, she resolved that tonight, beneath the veil of dusk, she would vanish into the night to forge her own path. Wearing a modest dress that belied the fierce spirit within, she cast a final, reflective look toward the ballroom, ready to embrace the unpredictable journey that lay beyond the castle gates."
260,3,5,5,"In the pale light of a post-war morning, Miriam stepped onto the cracked cobblestones of a small town scarred by conflict. Clutching her threadbare shawl close, she made her way toward the modest market, where sparse vendors sold their remaining wares with heavy hearts. The low murmur of neighbors echoed the quiet despair of rebuilding lives amid lingering loss. As she paused by a worn fruit stand, a brief nod from a weary stranger offered little comfort—a silent reminder of the daily struggle. With resolve tempered by hardship, Miriam carried on, determined to provide for her family even when hope felt like a distant memory."
272,5,6,5,"Sasha’s small fingers trembled with excitement as she peeled away another strip of the faded wallpaper. She had discovered the corner of a door behind the peeling paper in the attic last week, and today she could no longer resist exploring further. With each tug, more of the wooden door was revealed, along with an old-fashioned keyhole that seemed to wink at her in the dim attic light. She wasn’t supposed to play up here alone, but something about the hidden door was too intriguing — almost as if it was calling her.<br><br>
As thunder rumbled outside, Sasha pressed her ear against the cool, dusty wood. At first, she heard nothing but the thud of her own heartbeat. Then, ever so faintly, she caught what sounded like a whisper: her own name. Sasha’s breath hitched. She glanced over her shoulder, half expecting to find her older brother playing a prank, but the attic was empty except for shadows. Gathering her courage, she nudged the door. It didn’t budge, but a thin line of golden light appeared around the edges, sending dust motes dancing in its glow. Sasha’s imagination raced — was this a doorway to a secret playroom, a magical kingdom, or something else entirely? She knew only one way to find out."
273,6,5,5,"Mira fumbled for the light switch and flipped open her leather-bound diary, ready to pen the day’s events as she did every evening. But tonight, her hand froze. The page for today’s date was already filled with neat lines of handwriting that looked exactly like her own. Heart pounding, Mira leaned in. The entry described her entire day in uncanny detail — the burnt toast at breakfast, the pop quiz in biology class, even the strange cat that had trailed her halfway home.<br><br>
She hadn’t written a single word, yet there it was: her day retold from start to finish. Mira’s throat went dry as she scanned the final lines. The diary entry ended with a detail so fresh it hadn’t even happened when she climbed the stairs: “At 10:17 PM, Mira gasps in disbelief, reading these words.” The digital clock on her desk blinked 10:17 PM.<br><br>
Mira slammed the diary shut and backed away as if it might bite. Her mind raced through a dozen explanations — a prank, a lapse in memory, something beyond reality itself. For a moment, she couldn't tell if the chill that ran through her came from the night air leaking through the window or the unsettling words on the page. Trembling, she realized her safe little world had cracked open, and whatever was happening was only just beginning."
278,2,5,3,"In the pale light of a post-war morning, Miriam stepped onto the cracked cobblestones of a small town scarred by conflict. Clutching her threadbare shawl close, she made her way toward the modest market, where sparse vendors sold their remaining wares with heavy hearts. The low murmur of neighbors echoed the quiet despair of rebuilding lives amid lingering loss. As she paused by a worn fruit stand, a brief nod from a weary stranger offered little comfort—a silent reminder of the daily struggle. With resolve tempered by hardship, Miriam carried on, determined to provide for her family even when hope felt like a distant memory."
286,3,4,4,"Jason’s eyes darted across the dimly lit parking garage as he exited his car in the dead of night. Rain slicked the pavement, and a distant siren wailed as if warning him of imminent danger. In the shadows, every movement became a potential threat. His hand brushed against the cold metal of the concealed weapon at his side. Earlier that evening, a cryptic phone call had instructed him to meet a contact at this very location, where nothing was as it seemed. With his heart pounding and instincts on high alert, Jason took a cautious step forward, aware that every moment could ignite a chain reaction of unforeseen peril."
288,2,6,4,"Jason’s eyes darted across the dimly lit parking garage as he exited his car in the dead of night. Rain slicked the pavement, and a distant siren wailed as if warning him of imminent danger. In the shadows, every movement became a potential threat. His hand brushed against the cold metal of the concealed weapon at his side. Earlier that evening, a cryptic phone call had instructed him to meet a contact at this very location, where nothing was as it seemed. With his heart pounding and instincts on high alert, Jason took a cautious step forward, aware that every moment could ignite a chain reaction of unforeseen peril."
290,6,5,4,"Princess Yoko wandered through the royal gardens as the morning light softly illuminated glistening dew on freshly bloomed roses and perfectly pruned hedges. It was the day of the grand ball—a cherished event where noble suitors traditionally gathered to win her heart. Yet, while she took in the elegant fountains and timeless statues, her thoughts strayed to a life of freedom far beyond the palace confines. The gentle chorus of birds and hushed whispers of the staff only amplified her inner longing for self-determination.<br><br>

With each measured step, Yoko’s determination solidified. No longer willing to be merely the emblem of regal tradition, she resolved that tonight, beneath the veil of dusk, she would vanish into the night to forge her own path. Wearing a modest dress that belied the fierce spirit within, she cast a final, reflective look toward the ballroom, ready to embrace the unpredictable journey that lay beyond the castle gates."
296,6,3,4,"Princess Yoko wandered through the royal gardens as the morning light softly illuminated glistening dew on freshly bloomed roses and perfectly pruned hedges. It was the day of the grand ball—a cherished event where noble suitors traditionally gathered to win her heart. Yet, while she took in the elegant fountains and timeless statues, her thoughts strayed to a life of freedom far beyond the palace confines. The gentle chorus of birds and hushed whispers of the staff only amplified her inner longing for self-determination.<br><br>

With each measured step, Yoko’s determination solidified. No longer willing to be merely the emblem of regal tradition, she resolved that tonight, beneath the veil of dusk, she would vanish into the night to forge her own path. Wearing a modest dress that belied the fierce spirit within, she cast a final, reflective look toward the ballroom, ready to embrace the unpredictable journey that lay beyond the castle gates."
299,6,7,5,"Sasha’s small fingers trembled with excitement as she peeled away another strip of the faded wallpaper. She had discovered the corner of a door behind the peeling paper in the attic last week, and today she could no longer resist exploring further. With each tug, more of the wooden door was revealed, along with an old-fashioned keyhole that seemed to wink at her in the dim attic light. She wasn’t supposed to play up here alone, but something about the hidden door was too intriguing — almost as if it was calling her.<br><br>
As thunder rumbled outside, Sasha pressed her ear against the cool, dusty wood. At first, she heard nothing but the thud of her own heartbeat. Then, ever so faintly, she caught what sounded like a whisper: her own name. Sasha’s breath hitched. She glanced over her shoulder, half expecting to find her older brother playing a prank, but the attic was empty except for shadows. Gathering her courage, she nudged the door. It didn’t budge, but a thin line of golden light appeared around the edges, sending dust motes dancing in its glow. Sasha’s imagination raced — was this a doorway to a secret playroom, a magical kingdom, or something else entirely? She knew only one way to find out."
3,3,5,5,"Sasha’s small fingers trembled with excitement as she peeled away another strip of the faded wallpaper. She had discovered the corner of a door behind the peeling paper in the attic last week, and today she could no longer resist exploring further. With each tug, more of the wooden door was revealed, along with an old-fashioned keyhole that seemed to wink at her in the dim attic light. She wasn’t supposed to play up here alone, but something about the hidden door was too intriguing — almost as if it was calling her.<br><br>
As thunder rumbled outside, Sasha pressed her ear against the cool, dusty wood. At first, she heard nothing but the thud of her own heartbeat. Then, ever so faintly, she caught what sounded like a whisper: her own name. Sasha’s breath hitched. She glanced over her shoulder, half expecting to find her older brother playing a prank, but the attic was empty except for shadows. Gathering her courage, she nudged the door. It didn’t budge, but a thin line of golden light appeared around the edges, sending dust motes dancing in its glow. Sasha’s imagination raced — was this a doorway to a secret playroom, a magical kingdom, or something else entirely? She knew only one way to find out."
305,6,5,3,"Mira fumbled for the light switch and flipped open her leather-bound diary, ready to pen the day’s events as she did every evening. But tonight, her hand froze. The page for today’s date was already filled with neat lines of handwriting that looked exactly like her own. Heart pounding, Mira leaned in. The entry described her entire day in uncanny detail — the burnt toast at breakfast, the pop quiz in biology class, even the strange cat that had trailed her halfway home.<br><br>
She hadn’t written a single word, yet there it was: her day retold from start to finish. Mira’s throat went dry as she scanned the final lines. The diary entry ended with a detail so fresh it hadn’t even happened when she climbed the stairs: “At 10:17 PM, Mira gasps in disbelief, reading these words.” The digital clock on her desk blinked 10:17 PM.<br><br>
Mira slammed the diary shut and backed away as if it might bite. Her mind raced through a dozen explanations — a prank, a lapse in memory, something beyond reality itself. For a moment, she couldn't tell if the chill that ran through her came from the night air leaking through the window or the unsettling words on the page. Trembling, she realized her safe little world had cracked open, and whatever was happening was only just beginning."
308,1,4,4,"In the pale light of a post-war morning, Miriam stepped onto the cracked cobblestones of a small town scarred by conflict. Clutching her threadbare shawl close, she made her way toward the modest market, where sparse vendors sold their remaining wares with heavy hearts. The low murmur of neighbors echoed the quiet despair of rebuilding lives amid lingering loss. As she paused by a worn fruit stand, a brief nod from a weary stranger offered little comfort—a silent reminder of the daily struggle. With resolve tempered by hardship, Miriam carried on, determined to provide for her family even when hope felt like a distant memory."
32,4,1,1,"In the neon glow of a futuristic metropolis, Jax adjusted the controls on his hovering bike as he navigated the bustling sky lanes. It was another routine day in the sprawling city of Neo-Arcadia—a place where technology blurred the lines between human and machine. As he soared past holographic billboards and automated drones, a sudden alert on his wrist communicator disrupted his monotony. An encrypted message from an old friend hinted at a conspiracy involving the city’s governing AI. The standard mix of excitement and apprehension set in, as Jax knew all too well that this was the beginning of an adventure. His journey into a digital labyrinth was about to begin."
323,4,7,4,"Princess Yoko wandered through the royal gardens as the morning light softly illuminated glistening dew on freshly bloomed roses and perfectly pruned hedges. It was the day of the grand ball—a cherished event where noble suitors traditionally gathered to win her heart. Yet, while she took in the elegant fountains and timeless statues, her thoughts strayed to a life of freedom far beyond the palace confines. The gentle chorus of birds and hushed whispers of the staff only amplified her inner longing for self-determination.<br><br>

With each measured step, Yoko’s determination solidified. No longer willing to be merely the emblem of regal tradition, she resolved that tonight, beneath the veil of dusk, she would vanish into the night to forge her own path. Wearing a modest dress that belied the fierce spirit within, she cast a final, reflective look toward the ballroom, ready to embrace the unpredictable journey that lay beyond the castle gates."
332,4,5,3,"In the neon glow of a futuristic metropolis, Jax adjusted the controls on his hovering bike as he navigated the bustling sky lanes. It was another routine day in the sprawling city of Neo-Arcadia—a place where technology blurred the lines between human and machine. As he soared past holographic billboards and automated drones, a sudden alert on his wrist communicator disrupted his monotony. An encrypted message from an old friend hinted at a conspiracy involving the city’s governing AI. The standard mix of excitement and apprehension set in, as Jax knew all too well that this was the beginning of an adventure. His journey into a digital labyrinth was about to begin."
34,5,6,3,"In the neon glow of a futuristic metropolis, Jax adjusted the controls on his hovering bike as he navigated the bustling sky lanes. It was another routine day in the sprawling city of Neo-Arcadia—a place where technology blurred the lines between human and machine. As he soared past holographic billboards and automated drones, a sudden alert on his wrist communicator disrupted his monotony. An encrypted message from an old friend hinted at a conspiracy involving the city’s governing AI. The standard mix of excitement and apprehension set in, as Jax knew all too well that this was the beginning of an adventure. His journey into a digital labyrinth was about to begin."
340,2,5,4,"Jason’s eyes darted across the dimly lit parking garage as he exited his car in the dead of night. Rain slicked the pavement, and a distant siren wailed as if warning him of imminent danger. In the shadows, every movement became a potential threat. His hand brushed against the cold metal of the concealed weapon at his side. Earlier that evening, a cryptic phone call had instructed him to meet a contact at this very location, where nothing was as it seemed. With his heart pounding and instincts on high alert, Jason took a cautious step forward, aware that every moment could ignite a chain reaction of unforeseen peril."
346,5,6,5,"In the neon glow of a futuristic metropolis, Jax adjusted the controls on his hovering bike as he navigated the bustling sky lanes. It was another routine day in the sprawling city of Neo-Arcadia—a place where technology blurred the lines between human and machine. As he soared past holographic billboards and automated drones, a sudden alert on his wrist communicator disrupted his monotony. An encrypted message from an old friend hinted at a conspiracy involving the city’s governing AI. The standard mix of excitement and apprehension set in, as Jax knew all too well that this was the beginning of an adventure. His journey into a digital labyrinth was about to begin."
348,6,5,5,"Princess Yoko wandered through the royal gardens as the morning light softly illuminated glistening dew on freshly bloomed roses and perfectly pruned hedges. It was the day of the grand ball—a cherished event where noble suitors traditionally gathered to win her heart. Yet, while she took in the elegant fountains and timeless statues, her thoughts strayed to a life of freedom far beyond the palace confines. The gentle chorus of birds and hushed whispers of the staff only amplified her inner longing for self-determination.<br><br>

With each measured step, Yoko’s determination solidified. No longer willing to be merely the emblem of regal tradition, she resolved that tonight, beneath the veil of dusk, she would vanish into the night to forge her own path. Wearing a modest dress that belied the fierce spirit within, she cast a final, reflective look toward the ballroom, ready to embrace the unpredictable journey that lay beyond the castle gates."
357,3,5,3,"Jason’s eyes darted across the dimly lit parking garage as he exited his car in the dead of night. Rain slicked the pavement, and a distant siren wailed as if warning him of imminent danger. In the shadows, every movement became a potential threat. His hand brushed against the cold metal of the concealed weapon at his side. Earlier that evening, a cryptic phone call had instructed him to meet a contact at this very location, where nothing was as it seemed. With his heart pounding and instincts on high alert, Jason took a cautious step forward, aware that every moment could ignite a chain reaction of unforeseen peril."
365,3,7,5,"Dylan’s eyes snapped open. He turned to his alarm clock.
 8:12 a.m. He stared at it for two full seconds before leaping out of bed. “Mom! Why didn’t you wake me up?!” he shouted, grabbing yesterday’s T-shirt off the floor. He shoved one sock on, then the other, and stuffed a granola bar into his hoodie pocket. <br><br>
The bus came at 8:15. He had exactly three minutes. Shoes barely tied, he burst out the front door, backpack swinging wildly. As he reached the corner, he saw the bus—already at his stop. The doors closed. It started to pull away."
371,2,2,3,"In the pale light of a post-war morning, Miriam stepped onto the cracked cobblestones of a small town scarred by conflict. Clutching her threadbare shawl close, she made her way toward the modest market, where sparse vendors sold their remaining wares with heavy hearts. The low murmur of neighbors echoed the quiet despair of rebuilding lives amid lingering loss. As she paused by a worn fruit stand, a brief nod from a weary stranger offered little comfort—a silent reminder of the daily struggle. With resolve tempered by hardship, Miriam carried on, determined to provide for her family even when hope felt like a distant memory."
378,5,6,5,"Aelin strode into the bustling market square of Eldoria, where magic and myth were as common as the wares on every stall. Having just left her quiet village, she hoped to find clues about her mysterious heritage. Stalls adorned with enchanted trinkets and potions lined the cobblestone streets, while townsfolk chattered about an ancient prophecy. Amid the clamor, a hooded figure approached her with a worn map and a knowing smile. The promise of adventure hung in the air like a whispered legend. With her heart pounding in anticipation of quests and magic, Aelin sensed that her journey was destined to follow the well-worn path of epic tales she’d read since childhood."
396,3,7,5,"Mira fumbled for the light switch and flipped open her leather-bound diary, ready to pen the day’s events as she did every evening. But tonight, her hand froze. The page for today’s date was already filled with neat lines of handwriting that looked exactly like her own. Heart pounding, Mira leaned in. The entry described her entire day in uncanny detail — the burnt toast at breakfast, the pop quiz in biology class, even the strange cat that had trailed her halfway home.<br><br>
She hadn’t written a single word, yet there it was: her day retold from start to finish. Mira’s throat went dry as she scanned the final lines. The diary entry ended with a detail so fresh it hadn’t even happened when she climbed the stairs: “At 10:17 PM, Mira gasps in disbelief, reading these words.” The digital clock on her desk blinked 10:17 PM.<br><br>
Mira slammed the diary shut and backed away as if it might bite. Her mind raced through a dozen explanations — a prank, a lapse in memory, something beyond reality itself. For a moment, she couldn't tell if the chill that ran through her came from the night air leaking through the window or the unsettling words on the page. Trembling, she realized her safe little world had cracked open, and whatever was happening was only just beginning."
4,7,4,3,"Aelin strode into the bustling market square of Eldoria, where magic and myth were as common as the wares on every stall. Having just left her quiet village, she hoped to find clues about her mysterious heritage. Stalls adorned with enchanted trinkets and potions lined the cobblestone streets, while townsfolk chattered about an ancient prophecy. Amid the clamor, a hooded figure approached her with a worn map and a knowing smile. The promise of adventure hung in the air like a whispered legend. With her heart pounding in anticipation of quests and magic, Aelin sensed that her journey was destined to follow the well-worn path of epic tales she’d read since childhood."
402,6,6,5,"Aelin strode into the bustling market square of Eldoria, where magic and myth were as common as the wares on every stall. Having just left her quiet village, she hoped to find clues about her mysterious heritage. Stalls adorned with enchanted trinkets and potions lined the cobblestone streets, while townsfolk chattered about an ancient prophecy. Amid the clamor, a hooded figure approached her with a worn map and a knowing smile. The promise of adventure hung in the air like a whispered legend. With her heart pounding in anticipation of quests and magic, Aelin sensed that her journey was destined to follow the well-worn path of epic tales she’d read since childhood."
407,2,5,4,"Jason’s eyes darted across the dimly lit parking garage as he exited his car in the dead of night. Rain slicked the pavement, and a distant siren wailed as if warning him of imminent danger. In the shadows, every movement became a potential threat. His hand brushed against the cold metal of the concealed weapon at his side. Earlier that evening, a cryptic phone call had instructed him to meet a contact at this very location, where nothing was as it seemed. With his heart pounding and instincts on high alert, Jason took a cautious step forward, aware that every moment could ignite a chain reaction of unforeseen peril."
410,4,6,5,"Dylan’s eyes snapped open. He turned to his alarm clock.
 8:12 a.m. He stared at it for two full seconds before leaping out of bed. “Mom! Why didn’t you wake me up?!” he shouted, grabbing yesterday’s T-shirt off the floor. He shoved one sock on, then the other, and stuffed a granola bar into his hoodie pocket. <br><br>
The bus came at 8:15. He had exactly three minutes. Shoes barely tied, he burst out the front door, backpack swinging wildly. As he reached the corner, he saw the bus—already at his stop. The doors closed. It started to pull away."
42,2,2,2,"In the pale light of a post-war morning, Miriam stepped onto the cracked cobblestones of a small town scarred by conflict. Clutching her threadbare shawl close, she made her way toward the modest market, where sparse vendors sold their remaining wares with heavy hearts. The low murmur of neighbors echoed the quiet despair of rebuilding lives amid lingering loss. As she paused by a worn fruit stand, a brief nod from a weary stranger offered little comfort—a silent reminder of the daily struggle. With resolve tempered by hardship, Miriam carried on, determined to provide for her family even when hope felt like a distant memory."
423,3,3,4,"In the pale light of a post-war morning, Miriam stepped onto the cracked cobblestones of a small town scarred by conflict. Clutching her threadbare shawl close, she made her way toward the modest market, where sparse vendors sold their remaining wares with heavy hearts. The low murmur of neighbors echoed the quiet despair of rebuilding lives amid lingering loss. As she paused by a worn fruit stand, a brief nod from a weary stranger offered little comfort—a silent reminder of the daily struggle. With resolve tempered by hardship, Miriam carried on, determined to provide for her family even when hope felt like a distant memory."
424,4,5,4,"Sasha’s small fingers trembled with excitement as she peeled away another strip of the faded wallpaper. She had discovered the corner of a door behind the peeling paper in the attic last week, and today she could no longer resist exploring further. With each tug, more of the wooden door was revealed, along with an old-fashioned keyhole that seemed to wink at her in the dim attic light. She wasn’t supposed to play up here alone, but something about the hidden door was too intriguing — almost as if it was calling her.<br><br>
As thunder rumbled outside, Sasha pressed her ear against the cool, dusty wood. At first, she heard nothing but the thud of her own heartbeat. Then, ever so faintly, she caught what sounded like a whisper: her own name. Sasha’s breath hitched. She glanced over her shoulder, half expecting to find her older brother playing a prank, but the attic was empty except for shadows. Gathering her courage, she nudged the door. It didn’t budge, but a thin line of golden light appeared around the edges, sending dust motes dancing in its glow. Sasha’s imagination raced — was this a doorway to a secret playroom, a magical kingdom, or something else entirely? She knew only one way to find out."
427,4,6,3,"Sasha’s small fingers trembled with excitement as she peeled away another strip of the faded wallpaper. She had discovered the corner of a door behind the peeling paper in the attic last week, and today she could no longer resist exploring further. With each tug, more of the wooden door was revealed, along with an old-fashioned keyhole that seemed to wink at her in the dim attic light. She wasn’t supposed to play up here alone, but something about the hidden door was too intriguing — almost as if it was calling her.<br><br>
As thunder rumbled outside, Sasha pressed her ear against the cool, dusty wood. At first, she heard nothing but the thud of her own heartbeat. Then, ever so faintly, she caught what sounded like a whisper: her own name. Sasha’s breath hitched. She glanced over her shoulder, half expecting to find her older brother playing a prank, but the attic was empty except for shadows. Gathering her courage, she nudged the door. It didn’t budge, but a thin line of golden light appeared around the edges, sending dust motes dancing in its glow. Sasha’s imagination raced — was this a doorway to a secret playroom, a magical kingdom, or something else entirely? She knew only one way to find out."
438,5,7,5,"In the neon glow of a futuristic metropolis, Jax adjusted the controls on his hovering bike as he navigated the bustling sky lanes. It was another routine day in the sprawling city of Neo-Arcadia—a place where technology blurred the lines between human and machine. As he soared past holographic billboards and automated drones, a sudden alert on his wrist communicator disrupted his monotony. An encrypted message from an old friend hinted at a conspiracy involving the city’s governing AI. The standard mix of excitement and apprehension set in, as Jax knew all too well that this was the beginning of an adventure. His journey into a digital labyrinth was about to begin."
44,3,5,2,"Mira fumbled for the light switch and flipped open her leather-bound diary, ready to pen the day’s events as she did every evening. But tonight, her hand froze. The page for today’s date was already filled with neat lines of handwriting that looked exactly like her own. Heart pounding, Mira leaned in. The entry described her entire day in uncanny detail — the burnt toast at breakfast, the pop quiz in biology class, even the strange cat that had trailed her halfway home.<br><br>
She hadn’t written a single word, yet there it was: her day retold from start to finish. Mira’s throat went dry as she scanned the final lines. The diary entry ended with a detail so fresh it hadn’t even happened when she climbed the stairs: “At 10:17 PM, Mira gasps in disbelief, reading these words.” The digital clock on her desk blinked 10:17 PM.<br><br>
Mira slammed the diary shut and backed away as if it might bite. Her mind raced through a dozen explanations — a prank, a lapse in memory, something beyond reality itself. For a moment, she couldn't tell if the chill that ran through her came from the night air leaking through the window or the unsettling words on the page. Trembling, she realized her safe little world had cracked open, and whatever was happening was only just beginning."
441,3,5,4,"In the pale light of a post-war morning, Miriam stepped onto the cracked cobblestones of a small town scarred by conflict. Clutching her threadbare shawl close, she made her way toward the modest market, where sparse vendors sold their remaining wares with heavy hearts. The low murmur of neighbors echoed the quiet despair of rebuilding lives amid lingering loss. As she paused by a worn fruit stand, a brief nod from a weary stranger offered little comfort—a silent reminder of the daily struggle. With resolve tempered by hardship, Miriam carried on, determined to provide for her family even when hope felt like a distant memory."
447,3,6,5,"Mira fumbled for the light switch and flipped open her leather-bound diary, ready to pen the day’s events as she did every evening. But tonight, her hand froze. The page for today’s date was already filled with neat lines of handwriting that looked exactly like her own. Heart pounding, Mira leaned in. The entry described her entire day in uncanny detail — the burnt toast at breakfast, the pop quiz in biology class, even the strange cat that had trailed her halfway home.<br><br>
She hadn’t written a single word, yet there it was: her day retold from start to finish. Mira’s throat went dry as she scanned the final lines. The diary entry ended with a detail so fresh it hadn’t even happened when she climbed the stairs: “At 10:17 PM, Mira gasps in disbelief, reading these words.” The digital clock on her desk blinked 10:17 PM.<br><br>
Mira slammed the diary shut and backed away as if it might bite. Her mind raced through a dozen explanations — a prank, a lapse in memory, something beyond reality itself. For a moment, she couldn't tell if the chill that ran through her came from the night air leaking through the window or the unsettling words on the page. Trembling, she realized her safe little world had cracked open, and whatever was happening was only just beginning."
455,2,6,4,"Mira fumbled for the light switch and flipped open her leather-bound diary, ready to pen the day’s events as she did every evening. But tonight, her hand froze. The page for today’s date was already filled with neat lines of handwriting that looked exactly like her own. Heart pounding, Mira leaned in. The entry described her entire day in uncanny detail — the burnt toast at breakfast, the pop quiz in biology class, even the strange cat that had trailed her halfway home.<br><br>
She hadn’t written a single word, yet there it was: her day retold from start to finish. Mira’s throat went dry as she scanned the final lines. The diary entry ended with a detail so fresh it hadn’t even happened when she climbed the stairs: “At 10:17 PM, Mira gasps in disbelief, reading these words.” The digital clock on her desk blinked 10:17 PM.<br><br>
Mira slammed the diary shut and backed away as if it might bite. Her mind raced through a dozen explanations — a prank, a lapse in memory, something beyond reality itself. For a moment, she couldn't tell if the chill that ran through her came from the night air leaking through the window or the unsettling words on the page. Trembling, she realized her safe little world had cracked open, and whatever was happening was only just beginning."
456,6,4,4,"Mira fumbled for the light switch and flipped open her leather-bound diary, ready to pen the day’s events as she did every evening. But tonight, her hand froze. The page for today’s date was already filled with neat lines of handwriting that looked exactly like her own. Heart pounding, Mira leaned in. The entry described her entire day in uncanny detail — the burnt toast at breakfast, the pop quiz in biology class, even the strange cat that had trailed her halfway home.<br><br>
She hadn’t written a single word, yet there it was: her day retold from start to finish. Mira’s throat went dry as she scanned the final lines. The diary entry ended with a detail so fresh it hadn’t even happened when she climbed the stairs: “At 10:17 PM, Mira gasps in disbelief, reading these words.” The digital clock on her desk blinked 10:17 PM.<br><br>
Mira slammed the diary shut and backed away as if it might bite. Her mind raced through a dozen explanations — a prank, a lapse in memory, something beyond reality itself. For a moment, she couldn't tell if the chill that ran through her came from the night air leaking through the window or the unsettling words on the page. Trembling, she realized her safe little world had cracked open, and whatever was happening was only just beginning."
458,5,4,3,"Aelin strode into the bustling market square of Eldoria, where magic and myth were as common as the wares on every stall. Having just left her quiet village, she hoped to find clues about her mysterious heritage. Stalls adorned with enchanted trinkets and potions lined the cobblestone streets, while townsfolk chattered about an ancient prophecy. Amid the clamor, a hooded figure approached her with a worn map and a knowing smile. The promise of adventure hung in the air like a whispered legend. With her heart pounding in anticipation of quests and magic, Aelin sensed that her journey was destined to follow the well-worn path of epic tales she’d read since childhood."
46,5,4,3,"Sasha’s small fingers trembled with excitement as she peeled away another strip of the faded wallpaper. She had discovered the corner of a door behind the peeling paper in the attic last week, and today she could no longer resist exploring further. With each tug, more of the wooden door was revealed, along with an old-fashioned keyhole that seemed to wink at her in the dim attic light. She wasn’t supposed to play up here alone, but something about the hidden door was too intriguing — almost as if it was calling her.<br><br>
As thunder rumbled outside, Sasha pressed her ear against the cool, dusty wood. At first, she heard nothing but the thud of her own heartbeat. Then, ever so faintly, she caught what sounded like a whisper: her own name. Sasha’s breath hitched. She glanced over her shoulder, half expecting to find her older brother playing a prank, but the attic was empty except for shadows. Gathering her courage, she nudged the door. It didn’t budge, but a thin line of golden light appeared around the edges, sending dust motes dancing in its glow. Sasha’s imagination raced — was this a doorway to a secret playroom, a magical kingdom, or something else entirely? She knew only one way to find out."
465,5,6,4,"Sasha’s small fingers trembled with excitement as she peeled away another strip of the faded wallpaper. She had discovered the corner of a door behind the peeling paper in the attic last week, and today she could no longer resist exploring further. With each tug, more of the wooden door was revealed, along with an old-fashioned keyhole that seemed to wink at her in the dim attic light. She wasn’t supposed to play up here alone, but something about the hidden door was too intriguing — almost as if it was calling her.<br><br>
As thunder rumbled outside, Sasha pressed her ear against the cool, dusty wood. At first, she heard nothing but the thud of her own heartbeat. Then, ever so faintly, she caught what sounded like a whisper: her own name. Sasha’s breath hitched. She glanced over her shoulder, half expecting to find her older brother playing a prank, but the attic was empty except for shadows. Gathering her courage, she nudged the door. It didn’t budge, but a thin line of golden light appeared around the edges, sending dust motes dancing in its glow. Sasha’s imagination raced — was this a doorway to a secret playroom, a magical kingdom, or something else entirely? She knew only one way to find out."
48,3,6,5,"Mira fumbled for the light switch and flipped open her leather-bound diary, ready to pen the day’s events as she did every evening. But tonight, her hand froze. The page for today’s date was already filled with neat lines of handwriting that looked exactly like her own. Heart pounding, Mira leaned in. The entry described her entire day in uncanny detail — the burnt toast at breakfast, the pop quiz in biology class, even the strange cat that had trailed her halfway home.<br><br>
She hadn’t written a single word, yet there it was: her day retold from start to finish. Mira’s throat went dry as she scanned the final lines. The diary entry ended with a detail so fresh it hadn’t even happened when she climbed the stairs: “At 10:17 PM, Mira gasps in disbelief, reading these words.” The digital clock on her desk blinked 10:17 PM.<br><br>
Mira slammed the diary shut and backed away as if it might bite. Her mind raced through a dozen explanations — a prank, a lapse in memory, something beyond reality itself. For a moment, she couldn't tell if the chill that ran through her came from the night air leaking through the window or the unsettling words on the page. Trembling, she realized her safe little world had cracked open, and whatever was happening was only just beginning."
486,2,6,5,"Mira fumbled for the light switch and flipped open her leather-bound diary, ready to pen the day’s events as she did every evening. But tonight, her hand froze. The page for today’s date was already filled with neat lines of handwriting that looked exactly like her own. Heart pounding, Mira leaned in. The entry described her entire day in uncanny detail — the burnt toast at breakfast, the pop quiz in biology class, even the strange cat that had trailed her halfway home.<br><br>
She hadn’t written a single word, yet there it was: her day retold from start to finish. Mira’s throat went dry as she scanned the final lines. The diary entry ended with a detail so fresh it hadn’t even happened when she climbed the stairs: “At 10:17 PM, Mira gasps in disbelief, reading these words.” The digital clock on her desk blinked 10:17 PM.<br><br>
Mira slammed the diary shut and backed away as if it might bite. Her mind raced through a dozen explanations — a prank, a lapse in memory, something beyond reality itself. For a moment, she couldn't tell if the chill that ran through her came from the night air leaking through the window or the unsettling words on the page. Trembling, she realized her safe little world had cracked open, and whatever was happening was only just beginning."
494,6,6,4,"Princess Yoko wandered through the royal gardens as the morning light softly illuminated glistening dew on freshly bloomed roses and perfectly pruned hedges. It was the day of the grand ball—a cherished event where noble suitors traditionally gathered to win her heart. Yet, while she took in the elegant fountains and timeless statues, her thoughts strayed to a life of freedom far beyond the palace confines. The gentle chorus of birds and hushed whispers of the staff only amplified her inner longing for self-determination.<br><br>

With each measured step, Yoko’s determination solidified. No longer willing to be merely the emblem of regal tradition, she resolved that tonight, beneath the veil of dusk, she would vanish into the night to forge her own path. Wearing a modest dress that belied the fierce spirit within, she cast a final, reflective look toward the ballroom, ready to embrace the unpredictable journey that lay beyond the castle gates."
495,4,4,4,"Princess Yoko wandered through the royal gardens as the morning light softly illuminated glistening dew on freshly bloomed roses and perfectly pruned hedges. It was the day of the grand ball—a cherished event where noble suitors traditionally gathered to win her heart. Yet, while she took in the elegant fountains and timeless statues, her thoughts strayed to a life of freedom far beyond the palace confines. The gentle chorus of birds and hushed whispers of the staff only amplified her inner longing for self-determination.<br><br>

With each measured step, Yoko’s determination solidified. No longer willing to be merely the emblem of regal tradition, she resolved that tonight, beneath the veil of dusk, she would vanish into the night to forge her own path. Wearing a modest dress that belied the fierce spirit within, she cast a final, reflective look toward the ballroom, ready to embrace the unpredictable journey that lay beyond the castle gates."
496,4,7,5,"Jason’s eyes darted across the dimly lit parking garage as he exited his car in the dead of night. Rain slicked the pavement, and a distant siren wailed as if warning him of imminent danger. In the shadows, every movement became a potential threat. His hand brushed against the cold metal of the concealed weapon at his side. Earlier that evening, a cryptic phone call had instructed him to meet a contact at this very location, where nothing was as it seemed. With his heart pounding and instincts on high alert, Jason took a cautious step forward, aware that every moment could ignite a chain reaction of unforeseen peril."
5,3,6,2,"Dylan’s eyes snapped open. He turned to his alarm clock.
 8:12 a.m. He stared at it for two full seconds before leaping out of bed. “Mom! Why didn’t you wake me up?!” he shouted, grabbing yesterday’s T-shirt off the floor. He shoved one sock on, then the other, and stuffed a granola bar into his hoodie pocket. <br><br>
The bus came at 8:15. He had exactly three minutes. Shoes barely tied, he burst out the front door, backpack swinging wildly. As he reached the corner, he saw the bus—already at his stop. The doors closed. It started to pull away."
500,5,4,2,"Aelin strode into the bustling market square of Eldoria, where magic and myth were as common as the wares on every stall. Having just left her quiet village, she hoped to find clues about her mysterious heritage. Stalls adorned with enchanted trinkets and potions lined the cobblestone streets, while townsfolk chattered about an ancient prophecy. Amid the clamor, a hooded figure approached her with a worn map and a knowing smile. The promise of adventure hung in the air like a whispered legend. With her heart pounding in anticipation of quests and magic, Aelin sensed that her journey was destined to follow the well-worn path of epic tales she’d read since childhood."
504,3,2,3,"Mira fumbled for the light switch and flipped open her leather-bound diary, ready to pen the day’s events as she did every evening. But tonight, her hand froze. The page for today’s date was already filled with neat lines of handwriting that looked exactly like her own. Heart pounding, Mira leaned in. The entry described her entire day in uncanny detail — the burnt toast at breakfast, the pop quiz in biology class, even the strange cat that had trailed her halfway home.<br><br>
She hadn’t written a single word, yet there it was: her day retold from start to finish. Mira’s throat went dry as she scanned the final lines. The diary entry ended with a detail so fresh it hadn’t even happened when she climbed the stairs: “At 10:17 PM, Mira gasps in disbelief, reading these words.” The digital clock on her desk blinked 10:17 PM.<br><br>
Mira slammed the diary shut and backed away as if it might bite. Her mind raced through a dozen explanations — a prank, a lapse in memory, something beyond reality itself. For a moment, she couldn't tell if the chill that ran through her came from the night air leaking through the window or the unsettling words on the page. Trembling, she realized her safe little world had cracked open, and whatever was happening was only just beginning."
507,4,6,3,"Sasha’s small fingers trembled with excitement as she peeled away another strip of the faded wallpaper. She had discovered the corner of a door behind the peeling paper in the attic last week, and today she could no longer resist exploring further. With each tug, more of the wooden door was revealed, along with an old-fashioned keyhole that seemed to wink at her in the dim attic light. She wasn’t supposed to play up here alone, but something about the hidden door was too intriguing — almost as if it was calling her.<br><br>
As thunder rumbled outside, Sasha pressed her ear against the cool, dusty wood. At first, she heard nothing but the thud of her own heartbeat. Then, ever so faintly, she caught what sounded like a whisper: her own name. Sasha’s breath hitched. She glanced over her shoulder, half expecting to find her older brother playing a prank, but the attic was empty except for shadows. Gathering her courage, she nudged the door. It didn’t budge, but a thin line of golden light appeared around the edges, sending dust motes dancing in its glow. Sasha’s imagination raced — was this a doorway to a secret playroom, a magical kingdom, or something else entirely? She knew only one way to find out."
515,3,7,3,"Dylan’s eyes snapped open. He turned to his alarm clock.
 8:12 a.m. He stared at it for two full seconds before leaping out of bed. “Mom! Why didn’t you wake me up?!” he shouted, grabbing yesterday’s T-shirt off the floor. He shoved one sock on, then the other, and stuffed a granola bar into his hoodie pocket. <br><br>
The bus came at 8:15. He had exactly three minutes. Shoes barely tied, he burst out the front door, backpack swinging wildly. As he reached the corner, he saw the bus—already at his stop. The doors closed. It started to pull away."
516,3,4,4,"Princess Yoko wandered through the royal gardens as the morning light softly illuminated glistening dew on freshly bloomed roses and perfectly pruned hedges. It was the day of the grand ball—a cherished event where noble suitors traditionally gathered to win her heart. Yet, while she took in the elegant fountains and timeless statues, her thoughts strayed to a life of freedom far beyond the palace confines. The gentle chorus of birds and hushed whispers of the staff only amplified her inner longing for self-determination.<br><br>

With each measured step, Yoko’s determination solidified. No longer willing to be merely the emblem of regal tradition, she resolved that tonight, beneath the veil of dusk, she would vanish into the night to forge her own path. Wearing a modest dress that belied the fierce spirit within, she cast a final, reflective look toward the ballroom, ready to embrace the unpredictable journey that lay beyond the castle gates."
525,3,6,4,"Jason’s eyes darted across the dimly lit parking garage as he exited his car in the dead of night. Rain slicked the pavement, and a distant siren wailed as if warning him of imminent danger. In the shadows, every movement became a potential threat. His hand brushed against the cold metal of the concealed weapon at his side. Earlier that evening, a cryptic phone call had instructed him to meet a contact at this very location, where nothing was as it seemed. With his heart pounding and instincts on high alert, Jason took a cautious step forward, aware that every moment could ignite a chain reaction of unforeseen peril."
53,5,6,2,"Sasha’s small fingers trembled with excitement as she peeled away another strip of the faded wallpaper. She had discovered the corner of a door behind the peeling paper in the attic last week, and today she could no longer resist exploring further. With each tug, more of the wooden door was revealed, along with an old-fashioned keyhole that seemed to wink at her in the dim attic light. She wasn’t supposed to play up here alone, but something about the hidden door was too intriguing — almost as if it was calling her.<br><br>
As thunder rumbled outside, Sasha pressed her ear against the cool, dusty wood. At first, she heard nothing but the thud of her own heartbeat. Then, ever so faintly, she caught what sounded like a whisper: her own name. Sasha’s breath hitched. She glanced over her shoulder, half expecting to find her older brother playing a prank, but the attic was empty except for shadows. Gathering her courage, she nudged the door. It didn’t budge, but a thin line of golden light appeared around the edges, sending dust motes dancing in its glow. Sasha’s imagination raced — was this a doorway to a secret playroom, a magical kingdom, or something else entirely? She knew only one way to find out."
537,5,6,1,"Princess Yoko wandered through the royal gardens as the morning light softly illuminated glistening dew on freshly bloomed roses and perfectly pruned hedges. It was the day of the grand ball—a cherished event where noble suitors traditionally gathered to win her heart. Yet, while she took in the elegant fountains and timeless statues, her thoughts strayed to a life of freedom far beyond the palace confines. The gentle chorus of birds and hushed whispers of the staff only amplified her inner longing for self-determination.<br><br>

With each measured step, Yoko’s determination solidified. No longer willing to be merely the emblem of regal tradition, she resolved that tonight, beneath the veil of dusk, she would vanish into the night to forge her own path. Wearing a modest dress that belied the fierce spirit within, she cast a final, reflective look toward the ballroom, ready to embrace the unpredictable journey that lay beyond the castle gates."
539,4,5,5,"Mira fumbled for the light switch and flipped open her leather-bound diary, ready to pen the day’s events as she did every evening. But tonight, her hand froze. The page for today’s date was already filled with neat lines of handwriting that looked exactly like her own. Heart pounding, Mira leaned in. The entry described her entire day in uncanny detail — the burnt toast at breakfast, the pop quiz in biology class, even the strange cat that had trailed her halfway home.<br><br>
She hadn’t written a single word, yet there it was: her day retold from start to finish. Mira’s throat went dry as she scanned the final lines. The diary entry ended with a detail so fresh it hadn’t even happened when she climbed the stairs: “At 10:17 PM, Mira gasps in disbelief, reading these words.” The digital clock on her desk blinked 10:17 PM.<br><br>
Mira slammed the diary shut and backed away as if it might bite. Her mind raced through a dozen explanations — a prank, a lapse in memory, something beyond reality itself. For a moment, she couldn't tell if the chill that ran through her came from the night air leaking through the window or the unsettling words on the page. Trembling, she realized her safe little world had cracked open, and whatever was happening was only just beginning."
540,3,3,3,"In the pale light of a post-war morning, Miriam stepped onto the cracked cobblestones of a small town scarred by conflict. Clutching her threadbare shawl close, she made her way toward the modest market, where sparse vendors sold their remaining wares with heavy hearts. The low murmur of neighbors echoed the quiet despair of rebuilding lives amid lingering loss. As she paused by a worn fruit stand, a brief nod from a weary stranger offered little comfort—a silent reminder of the daily struggle. With resolve tempered by hardship, Miriam carried on, determined to provide for her family even when hope felt like a distant memory."
543,6,5,3,"Princess Yoko wandered through the royal gardens as the morning light softly illuminated glistening dew on freshly bloomed roses and perfectly pruned hedges. It was the day of the grand ball—a cherished event where noble suitors traditionally gathered to win her heart. Yet, while she took in the elegant fountains and timeless statues, her thoughts strayed to a life of freedom far beyond the palace confines. The gentle chorus of birds and hushed whispers of the staff only amplified her inner longing for self-determination.<br><br>

With each measured step, Yoko’s determination solidified. No longer willing to be merely the emblem of regal tradition, she resolved that tonight, beneath the veil of dusk, she would vanish into the night to forge her own path. Wearing a modest dress that belied the fierce spirit within, she cast a final, reflective look toward the ballroom, ready to embrace the unpredictable journey that lay beyond the castle gates."
544,4,5,4,"Dylan’s eyes snapped open. He turned to his alarm clock.
 8:12 a.m. He stared at it for two full seconds before leaping out of bed. “Mom! Why didn’t you wake me up?!” he shouted, grabbing yesterday’s T-shirt off the floor. He shoved one sock on, then the other, and stuffed a granola bar into his hoodie pocket. <br><br>
The bus came at 8:15. He had exactly three minutes. Shoes barely tied, he burst out the front door, backpack swinging wildly. As he reached the corner, he saw the bus—already at his stop. The doors closed. It started to pull away."
546,2,6,3,"Jason’s eyes darted across the dimly lit parking garage as he exited his car in the dead of night. Rain slicked the pavement, and a distant siren wailed as if warning him of imminent danger. In the shadows, every movement became a potential threat. His hand brushed against the cold metal of the concealed weapon at his side. Earlier that evening, a cryptic phone call had instructed him to meet a contact at this very location, where nothing was as it seemed. With his heart pounding and instincts on high alert, Jason took a cautious step forward, aware that every moment could ignite a chain reaction of unforeseen peril."
548,3,2,3,"In the neon glow of a futuristic metropolis, Jax adjusted the controls on his hovering bike as he navigated the bustling sky lanes. It was another routine day in the sprawling city of Neo-Arcadia—a place where technology blurred the lines between human and machine. As he soared past holographic billboards and automated drones, a sudden alert on his wrist communicator disrupted his monotony. An encrypted message from an old friend hinted at a conspiracy involving the city’s governing AI. The standard mix of excitement and apprehension set in, as Jax knew all too well that this was the beginning of an adventure. His journey into a digital labyrinth was about to begin."
557,3,6,1,"Dylan’s eyes snapped open. He turned to his alarm clock.
 8:12 a.m. He stared at it for two full seconds before leaping out of bed. “Mom! Why didn’t you wake me up?!” he shouted, grabbing yesterday’s T-shirt off the floor. He shoved one sock on, then the other, and stuffed a granola bar into his hoodie pocket. <br><br>
The bus came at 8:15. He had exactly three minutes. Shoes barely tied, he burst out the front door, backpack swinging wildly. As he reached the corner, he saw the bus—already at his stop. The doors closed. It started to pull away."
56,4,4,4,"Sasha’s small fingers trembled with excitement as she peeled away another strip of the faded wallpaper. She had discovered the corner of a door behind the peeling paper in the attic last week, and today she could no longer resist exploring further. With each tug, more of the wooden door was revealed, along with an old-fashioned keyhole that seemed to wink at her in the dim attic light. She wasn’t supposed to play up here alone, but something about the hidden door was too intriguing — almost as if it was calling her.<br><br>
As thunder rumbled outside, Sasha pressed her ear against the cool, dusty wood. At first, she heard nothing but the thud of her own heartbeat. Then, ever so faintly, she caught what sounded like a whisper: her own name. Sasha’s breath hitched. She glanced over her shoulder, half expecting to find her older brother playing a prank, but the attic was empty except for shadows. Gathering her courage, she nudged the door. It didn’t budge, but a thin line of golden light appeared around the edges, sending dust motes dancing in its glow. Sasha’s imagination raced — was this a doorway to a secret playroom, a magical kingdom, or something else entirely? She knew only one way to find out."
561,3,6,5,"Mira fumbled for the light switch and flipped open her leather-bound diary, ready to pen the day’s events as she did every evening. But tonight, her hand froze. The page for today’s date was already filled with neat lines of handwriting that looked exactly like her own. Heart pounding, Mira leaned in. The entry described her entire day in uncanny detail — the burnt toast at breakfast, the pop quiz in biology class, even the strange cat that had trailed her halfway home.<br><br>
She hadn’t written a single word, yet there it was: her day retold from start to finish. Mira’s throat went dry as she scanned the final lines. The diary entry ended with a detail so fresh it hadn’t even happened when she climbed the stairs: “At 10:17 PM, Mira gasps in disbelief, reading these words.” The digital clock on her desk blinked 10:17 PM.<br><br>
Mira slammed the diary shut and backed away as if it might bite. Her mind raced through a dozen explanations — a prank, a lapse in memory, something beyond reality itself. For a moment, she couldn't tell if the chill that ran through her came from the night air leaking through the window or the unsettling words on the page. Trembling, she realized her safe little world had cracked open, and whatever was happening was only just beginning."
563,6,5,3,"Aelin strode into the bustling market square of Eldoria, where magic and myth were as common as the wares on every stall. Having just left her quiet village, she hoped to find clues about her mysterious heritage. Stalls adorned with enchanted trinkets and potions lined the cobblestone streets, while townsfolk chattered about an ancient prophecy. Amid the clamor, a hooded figure approached her with a worn map and a knowing smile. The promise of adventure hung in the air like a whispered legend. With her heart pounding in anticipation of quests and magic, Aelin sensed that her journey was destined to follow the well-worn path of epic tales she’d read since childhood."
565,3,4,4,"Mira fumbled for the light switch and flipped open her leather-bound diary, ready to pen the day’s events as she did every evening. But tonight, her hand froze. The page for today’s date was already filled with neat lines of handwriting that looked exactly like her own. Heart pounding, Mira leaned in. The entry described her entire day in uncanny detail — the burnt toast at breakfast, the pop quiz in biology class, even the strange cat that had trailed her halfway home.<br><br>
She hadn’t written a single word, yet there it was: her day retold from start to finish. Mira’s throat went dry as she scanned the final lines. The diary entry ended with a detail so fresh it hadn’t even happened when she climbed the stairs: “At 10:17 PM, Mira gasps in disbelief, reading these words.” The digital clock on her desk blinked 10:17 PM.<br><br>
Mira slammed the diary shut and backed away as if it might bite. Her mind raced through a dozen explanations — a prank, a lapse in memory, something beyond reality itself. For a moment, she couldn't tell if the chill that ran through her came from the night air leaking through the window or the unsettling words on the page. Trembling, she realized her safe little world had cracked open, and whatever was happening was only just beginning."
566,4,5,5,"Dylan’s eyes snapped open. He turned to his alarm clock.
 8:12 a.m. He stared at it for two full seconds before leaping out of bed. “Mom! Why didn’t you wake me up?!” he shouted, grabbing yesterday’s T-shirt off the floor. He shoved one sock on, then the other, and stuffed a granola bar into his hoodie pocket. <br><br>
The bus came at 8:15. He had exactly three minutes. Shoes barely tied, he burst out the front door, backpack swinging wildly. As he reached the corner, he saw the bus—already at his stop. The doors closed. It started to pull away."
568,2,6,5,"Jason’s eyes darted across the dimly lit parking garage as he exited his car in the dead of night. Rain slicked the pavement, and a distant siren wailed as if warning him of imminent danger. In the shadows, every movement became a potential threat. His hand brushed against the cold metal of the concealed weapon at his side. Earlier that evening, a cryptic phone call had instructed him to meet a contact at this very location, where nothing was as it seemed. With his heart pounding and instincts on high alert, Jason took a cautious step forward, aware that every moment could ignite a chain reaction of unforeseen peril."
569,3,6,4,"Dylan’s eyes snapped open. He turned to his alarm clock.
 8:12 a.m. He stared at it for two full seconds before leaping out of bed. “Mom! Why didn’t you wake me up?!” he shouted, grabbing yesterday’s T-shirt off the floor. He shoved one sock on, then the other, and stuffed a granola bar into his hoodie pocket. <br><br>
The bus came at 8:15. He had exactly three minutes. Shoes barely tied, he burst out the front door, backpack swinging wildly. As he reached the corner, he saw the bus—already at his stop. The doors closed. It started to pull away."
576,6,7,5,"In the neon glow of a futuristic metropolis, Jax adjusted the controls on his hovering bike as he navigated the bustling sky lanes. It was another routine day in the sprawling city of Neo-Arcadia—a place where technology blurred the lines between human and machine. As he soared past holographic billboards and automated drones, a sudden alert on his wrist communicator disrupted his monotony. An encrypted message from an old friend hinted at a conspiracy involving the city’s governing AI. The standard mix of excitement and apprehension set in, as Jax knew all too well that this was the beginning of an adventure. His journey into a digital labyrinth was about to begin."
584,2,1,3,"In the pale light of a post-war morning, Miriam stepped onto the cracked cobblestones of a small town scarred by conflict. Clutching her threadbare shawl close, she made her way toward the modest market, where sparse vendors sold their remaining wares with heavy hearts. The low murmur of neighbors echoed the quiet despair of rebuilding lives amid lingering loss. As she paused by a worn fruit stand, a brief nod from a weary stranger offered little comfort—a silent reminder of the daily struggle. With resolve tempered by hardship, Miriam carried on, determined to provide for her family even when hope felt like a distant memory."
585,3,6,4,"In the neon glow of a futuristic metropolis, Jax adjusted the controls on his hovering bike as he navigated the bustling sky lanes. It was another routine day in the sprawling city of Neo-Arcadia—a place where technology blurred the lines between human and machine. As he soared past holographic billboards and automated drones, a sudden alert on his wrist communicator disrupted his monotony. An encrypted message from an old friend hinted at a conspiracy involving the city’s governing AI. The standard mix of excitement and apprehension set in, as Jax knew all too well that this was the beginning of an adventure. His journey into a digital labyrinth was about to begin."
588,3,6,3,"Mira fumbled for the light switch and flipped open her leather-bound diary, ready to pen the day’s events as she did every evening. But tonight, her hand froze. The page for today’s date was already filled with neat lines of handwriting that looked exactly like her own. Heart pounding, Mira leaned in. The entry described her entire day in uncanny detail — the burnt toast at breakfast, the pop quiz in biology class, even the strange cat that had trailed her halfway home.<br><br>
She hadn’t written a single word, yet there it was: her day retold from start to finish. Mira’s throat went dry as she scanned the final lines. The diary entry ended with a detail so fresh it hadn’t even happened when she climbed the stairs: “At 10:17 PM, Mira gasps in disbelief, reading these words.” The digital clock on her desk blinked 10:17 PM.<br><br>
Mira slammed the diary shut and backed away as if it might bite. Her mind raced through a dozen explanations — a prank, a lapse in memory, something beyond reality itself. For a moment, she couldn't tell if the chill that ran through her came from the night air leaking through the window or the unsettling words on the page. Trembling, she realized her safe little world had cracked open, and whatever was happening was only just beginning."
590,2,1,4,"In the pale light of a post-war morning, Miriam stepped onto the cracked cobblestones of a small town scarred by conflict. Clutching her threadbare shawl close, she made her way toward the modest market, where sparse vendors sold their remaining wares with heavy hearts. The low murmur of neighbors echoed the quiet despair of rebuilding lives amid lingering loss. As she paused by a worn fruit stand, a brief nod from a weary stranger offered little comfort—a silent reminder of the daily struggle. With resolve tempered by hardship, Miriam carried on, determined to provide for her family even when hope felt like a distant memory."
592,2,1,5,"In the pale light of a post-war morning, Miriam stepped onto the cracked cobblestones of a small town scarred by conflict. Clutching her threadbare shawl close, she made her way toward the modest market, where sparse vendors sold their remaining wares with heavy hearts. The low murmur of neighbors echoed the quiet despair of rebuilding lives amid lingering loss. As she paused by a worn fruit stand, a brief nod from a weary stranger offered little comfort—a silent reminder of the daily struggle. With resolve tempered by hardship, Miriam carried on, determined to provide for her family even when hope felt like a distant memory."
607,5,5,5,"Sasha’s small fingers trembled with excitement as she peeled away another strip of the faded wallpaper. She had discovered the corner of a door behind the peeling paper in the attic last week, and today she could no longer resist exploring further. With each tug, more of the wooden door was revealed, along with an old-fashioned keyhole that seemed to wink at her in the dim attic light. She wasn’t supposed to play up here alone, but something about the hidden door was too intriguing — almost as if it was calling her.<br><br>
As thunder rumbled outside, Sasha pressed her ear against the cool, dusty wood. At first, she heard nothing but the thud of her own heartbeat. Then, ever so faintly, she caught what sounded like a whisper: her own name. Sasha’s breath hitched. She glanced over her shoulder, half expecting to find her older brother playing a prank, but the attic was empty except for shadows. Gathering her courage, she nudged the door. It didn’t budge, but a thin line of golden light appeared around the edges, sending dust motes dancing in its glow. Sasha’s imagination raced — was this a doorway to a secret playroom, a magical kingdom, or something else entirely? She knew only one way to find out."
61,3,6,4,"Jason’s eyes darted across the dimly lit parking garage as he exited his car in the dead of night. Rain slicked the pavement, and a distant siren wailed as if warning him of imminent danger. In the shadows, every movement became a potential threat. His hand brushed against the cold metal of the concealed weapon at his side. Earlier that evening, a cryptic phone call had instructed him to meet a contact at this very location, where nothing was as it seemed. With his heart pounding and instincts on high alert, Jason took a cautious step forward, aware that every moment could ignite a chain reaction of unforeseen peril."
614,3,6,5,"Jason’s eyes darted across the dimly lit parking garage as he exited his car in the dead of night. Rain slicked the pavement, and a distant siren wailed as if warning him of imminent danger. In the shadows, every movement became a potential threat. His hand brushed against the cold metal of the concealed weapon at his side. Earlier that evening, a cryptic phone call had instructed him to meet a contact at this very location, where nothing was as it seemed. With his heart pounding and instincts on high alert, Jason took a cautious step forward, aware that every moment could ignite a chain reaction of unforeseen peril."
633,5,6,3,"Sasha’s small fingers trembled with excitement as she peeled away another strip of the faded wallpaper. She had discovered the corner of a door behind the peeling paper in the attic last week, and today she could no longer resist exploring further. With each tug, more of the wooden door was revealed, along with an old-fashioned keyhole that seemed to wink at her in the dim attic light. She wasn’t supposed to play up here alone, but something about the hidden door was too intriguing — almost as if it was calling her.<br><br>
As thunder rumbled outside, Sasha pressed her ear against the cool, dusty wood. At first, she heard nothing but the thud of her own heartbeat. Then, ever so faintly, she caught what sounded like a whisper: her own name. Sasha’s breath hitched. She glanced over her shoulder, half expecting to find her older brother playing a prank, but the attic was empty except for shadows. Gathering her courage, she nudged the door. It didn’t budge, but a thin line of golden light appeared around the edges, sending dust motes dancing in its glow. Sasha’s imagination raced — was this a doorway to a secret playroom, a magical kingdom, or something else entirely? She knew only one way to find out."
639,4,5,1,"Aelin strode into the bustling market square of Eldoria, where magic and myth were as common as the wares on every stall. Having just left her quiet village, she hoped to find clues about her mysterious heritage. Stalls adorned with enchanted trinkets and potions lined the cobblestone streets, while townsfolk chattered about an ancient prophecy. Amid the clamor, a hooded figure approached her with a worn map and a knowing smile. The promise of adventure hung in the air like a whispered legend. With her heart pounding in anticipation of quests and magic, Aelin sensed that her journey was destined to follow the well-worn path of epic tales she’d read since childhood."
647,5,5,3,"Sasha’s small fingers trembled with excitement as she peeled away another strip of the faded wallpaper. She had discovered the corner of a door behind the peeling paper in the attic last week, and today she could no longer resist exploring further. With each tug, more of the wooden door was revealed, along with an old-fashioned keyhole that seemed to wink at her in the dim attic light. She wasn’t supposed to play up here alone, but something about the hidden door was too intriguing — almost as if it was calling her.<br><br>
As thunder rumbled outside, Sasha pressed her ear against the cool, dusty wood. At first, she heard nothing but the thud of her own heartbeat. Then, ever so faintly, she caught what sounded like a whisper: her own name. Sasha’s breath hitched. She glanced over her shoulder, half expecting to find her older brother playing a prank, but the attic was empty except for shadows. Gathering her courage, she nudged the door. It didn’t budge, but a thin line of golden light appeared around the edges, sending dust motes dancing in its glow. Sasha’s imagination raced — was this a doorway to a secret playroom, a magical kingdom, or something else entirely? She knew only one way to find out."
65,5,6,5,"Sasha’s small fingers trembled with excitement as she peeled away another strip of the faded wallpaper. She had discovered the corner of a door behind the peeling paper in the attic last week, and today she could no longer resist exploring further. With each tug, more of the wooden door was revealed, along with an old-fashioned keyhole that seemed to wink at her in the dim attic light. She wasn’t supposed to play up here alone, but something about the hidden door was too intriguing — almost as if it was calling her.<br><br>
As thunder rumbled outside, Sasha pressed her ear against the cool, dusty wood. At first, she heard nothing but the thud of her own heartbeat. Then, ever so faintly, she caught what sounded like a whisper: her own name. Sasha’s breath hitched. She glanced over her shoulder, half expecting to find her older brother playing a prank, but the attic was empty except for shadows. Gathering her courage, she nudged the door. It didn’t budge, but a thin line of golden light appeared around the edges, sending dust motes dancing in its glow. Sasha’s imagination raced — was this a doorway to a secret playroom, a magical kingdom, or something else entirely? She knew only one way to find out."
653,6,5,5,"Sasha’s small fingers trembled with excitement as she peeled away another strip of the faded wallpaper. She had discovered the corner of a door behind the peeling paper in the attic last week, and today she could no longer resist exploring further. With each tug, more of the wooden door was revealed, along with an old-fashioned keyhole that seemed to wink at her in the dim attic light. She wasn’t supposed to play up here alone, but something about the hidden door was too intriguing — almost as if it was calling her.<br><br>
As thunder rumbled outside, Sasha pressed her ear against the cool, dusty wood. At first, she heard nothing but the thud of her own heartbeat. Then, ever so faintly, she caught what sounded like a whisper: her own name. Sasha’s breath hitched. She glanced over her shoulder, half expecting to find her older brother playing a prank, but the attic was empty except for shadows. Gathering her courage, she nudged the door. It didn’t budge, but a thin line of golden light appeared around the edges, sending dust motes dancing in its glow. Sasha’s imagination raced — was this a doorway to a secret playroom, a magical kingdom, or something else entirely? She knew only one way to find out."
66,3,6,3,"Mira fumbled for the light switch and flipped open her leather-bound diary, ready to pen the day’s events as she did every evening. But tonight, her hand froze. The page for today’s date was already filled with neat lines of handwriting that looked exactly like her own. Heart pounding, Mira leaned in. The entry described her entire day in uncanny detail — the burnt toast at breakfast, the pop quiz in biology class, even the strange cat that had trailed her halfway home.<br><br>
She hadn’t written a single word, yet there it was: her day retold from start to finish. Mira’s throat went dry as she scanned the final lines. The diary entry ended with a detail so fresh it hadn’t even happened when she climbed the stairs: “At 10:17 PM, Mira gasps in disbelief, reading these words.” The digital clock on her desk blinked 10:17 PM.<br><br>
Mira slammed the diary shut and backed away as if it might bite. Her mind raced through a dozen explanations — a prank, a lapse in memory, something beyond reality itself. For a moment, she couldn't tell if the chill that ran through her came from the night air leaking through the window or the unsettling words on the page. Trembling, she realized her safe little world had cracked open, and whatever was happening was only just beginning."
665,4,6,4,"In the neon glow of a futuristic metropolis, Jax adjusted the controls on his hovering bike as he navigated the bustling sky lanes. It was another routine day in the sprawling city of Neo-Arcadia—a place where technology blurred the lines between human and machine. As he soared past holographic billboards and automated drones, a sudden alert on his wrist communicator disrupted his monotony. An encrypted message from an old friend hinted at a conspiracy involving the city’s governing AI. The standard mix of excitement and apprehension set in, as Jax knew all too well that this was the beginning of an adventure. His journey into a digital labyrinth was about to begin."
677,3,5,3,"Jason’s eyes darted across the dimly lit parking garage as he exited his car in the dead of night. Rain slicked the pavement, and a distant siren wailed as if warning him of imminent danger. In the shadows, every movement became a potential threat. His hand brushed against the cold metal of the concealed weapon at his side. Earlier that evening, a cryptic phone call had instructed him to meet a contact at this very location, where nothing was as it seemed. With his heart pounding and instincts on high alert, Jason took a cautious step forward, aware that every moment could ignite a chain reaction of unforeseen peril."
693,6,5,3,"Aelin strode into the bustling market square of Eldoria, where magic and myth were as common as the wares on every stall. Having just left her quiet village, she hoped to find clues about her mysterious heritage. Stalls adorned with enchanted trinkets and potions lined the cobblestone streets, while townsfolk chattered about an ancient prophecy. Amid the clamor, a hooded figure approached her with a worn map and a knowing smile. The promise of adventure hung in the air like a whispered legend. With her heart pounding in anticipation of quests and magic, Aelin sensed that her journey was destined to follow the well-worn path of epic tales she’d read since childhood."
702,6,5,4,"In the neon glow of a futuristic metropolis, Jax adjusted the controls on his hovering bike as he navigated the bustling sky lanes. It was another routine day in the sprawling city of Neo-Arcadia—a place where technology blurred the lines between human and machine. As he soared past holographic billboards and automated drones, a sudden alert on his wrist communicator disrupted his monotony. An encrypted message from an old friend hinted at a conspiracy involving the city’s governing AI. The standard mix of excitement and apprehension set in, as Jax knew all too well that this was the beginning of an adventure. His journey into a digital labyrinth was about to begin."
710,2,2,3,"In the pale light of a post-war morning, Miriam stepped onto the cracked cobblestones of a small town scarred by conflict. Clutching her threadbare shawl close, she made her way toward the modest market, where sparse vendors sold their remaining wares with heavy hearts. The low murmur of neighbors echoed the quiet despair of rebuilding lives amid lingering loss. As she paused by a worn fruit stand, a brief nod from a weary stranger offered little comfort—a silent reminder of the daily struggle. With resolve tempered by hardship, Miriam carried on, determined to provide for her family even when hope felt like a distant memory."
713,2,5,3,"In the pale light of a post-war morning, Miriam stepped onto the cracked cobblestones of a small town scarred by conflict. Clutching her threadbare shawl close, she made her way toward the modest market, where sparse vendors sold their remaining wares with heavy hearts. The low murmur of neighbors echoed the quiet despair of rebuilding lives amid lingering loss. As she paused by a worn fruit stand, a brief nod from a weary stranger offered little comfort—a silent reminder of the daily struggle. With resolve tempered by hardship, Miriam carried on, determined to provide for her family even when hope felt like a distant memory."
714,5,5,3,"Aelin strode into the bustling market square of Eldoria, where magic and myth were as common as the wares on every stall. Having just left her quiet village, she hoped to find clues about her mysterious heritage. Stalls adorned with enchanted trinkets and potions lined the cobblestone streets, while townsfolk chattered about an ancient prophecy. Amid the clamor, a hooded figure approached her with a worn map and a knowing smile. The promise of adventure hung in the air like a whispered legend. With her heart pounding in anticipation of quests and magic, Aelin sensed that her journey was destined to follow the well-worn path of epic tales she’d read since childhood."
721,5,5,5,"Princess Yoko wandered through the royal gardens as the morning light softly illuminated glistening dew on freshly bloomed roses and perfectly pruned hedges. It was the day of the grand ball—a cherished event where noble suitors traditionally gathered to win her heart. Yet, while she took in the elegant fountains and timeless statues, her thoughts strayed to a life of freedom far beyond the palace confines. The gentle chorus of birds and hushed whispers of the staff only amplified her inner longing for self-determination.<br><br>

With each measured step, Yoko’s determination solidified. No longer willing to be merely the emblem of regal tradition, she resolved that tonight, beneath the veil of dusk, she would vanish into the night to forge her own path. Wearing a modest dress that belied the fierce spirit within, she cast a final, reflective look toward the ballroom, ready to embrace the unpredictable journey that lay beyond the castle gates."
731,5,4,3,"Princess Yoko wandered through the royal gardens as the morning light softly illuminated glistening dew on freshly bloomed roses and perfectly pruned hedges. It was the day of the grand ball—a cherished event where noble suitors traditionally gathered to win her heart. Yet, while she took in the elegant fountains and timeless statues, her thoughts strayed to a life of freedom far beyond the palace confines. The gentle chorus of birds and hushed whispers of the staff only amplified her inner longing for self-determination.<br><br>

With each measured step, Yoko’s determination solidified. No longer willing to be merely the emblem of regal tradition, she resolved that tonight, beneath the veil of dusk, she would vanish into the night to forge her own path. Wearing a modest dress that belied the fierce spirit within, she cast a final, reflective look toward the ballroom, ready to embrace the unpredictable journey that lay beyond the castle gates."
737,4,7,5,"Dylan’s eyes snapped open. He turned to his alarm clock.
 8:12 a.m. He stared at it for two full seconds before leaping out of bed. “Mom! Why didn’t you wake me up?!” he shouted, grabbing yesterday’s T-shirt off the floor. He shoved one sock on, then the other, and stuffed a granola bar into his hoodie pocket. <br><br>
The bus came at 8:15. He had exactly three minutes. Shoes barely tied, he burst out the front door, backpack swinging wildly. As he reached the corner, he saw the bus—already at his stop. The doors closed. It started to pull away."
748,3,6,3,"Dylan’s eyes snapped open. He turned to his alarm clock.
 8:12 a.m. He stared at it for two full seconds before leaping out of bed. “Mom! Why didn’t you wake me up?!” he shouted, grabbing yesterday’s T-shirt off the floor. He shoved one sock on, then the other, and stuffed a granola bar into his hoodie pocket. <br><br>
The bus came at 8:15. He had exactly three minutes. Shoes barely tied, he burst out the front door, backpack swinging wildly. As he reached the corner, he saw the bus—already at his stop. The doors closed. It started to pull away."
753,5,6,5,"In the neon glow of a futuristic metropolis, Jax adjusted the controls on his hovering bike as he navigated the bustling sky lanes. It was another routine day in the sprawling city of Neo-Arcadia—a place where technology blurred the lines between human and machine. As he soared past holographic billboards and automated drones, a sudden alert on his wrist communicator disrupted his monotony. An encrypted message from an old friend hinted at a conspiracy involving the city’s governing AI. The standard mix of excitement and apprehension set in, as Jax knew all too well that this was the beginning of an adventure. His journey into a digital labyrinth was about to begin."
773,6,4,3,"Princess Yoko wandered through the royal gardens as the morning light softly illuminated glistening dew on freshly bloomed roses and perfectly pruned hedges. It was the day of the grand ball—a cherished event where noble suitors traditionally gathered to win her heart. Yet, while she took in the elegant fountains and timeless statues, her thoughts strayed to a life of freedom far beyond the palace confines. The gentle chorus of birds and hushed whispers of the staff only amplified her inner longing for self-determination.<br><br>

With each measured step, Yoko’s determination solidified. No longer willing to be merely the emblem of regal tradition, she resolved that tonight, beneath the veil of dusk, she would vanish into the night to forge her own path. Wearing a modest dress that belied the fierce spirit within, she cast a final, reflective look toward the ballroom, ready to embrace the unpredictable journey that lay beyond the castle gates."
775,7,7,5,"Aelin strode into the bustling market square of Eldoria, where magic and myth were as common as the wares on every stall. Having just left her quiet village, she hoped to find clues about her mysterious heritage. Stalls adorned with enchanted trinkets and potions lined the cobblestone streets, while townsfolk chattered about an ancient prophecy. Amid the clamor, a hooded figure approached her with a worn map and a knowing smile. The promise of adventure hung in the air like a whispered legend. With her heart pounding in anticipation of quests and magic, Aelin sensed that her journey was destined to follow the well-worn path of epic tales she’d read since childhood."
776,5,5,1,"Aelin strode into the bustling market square of Eldoria, where magic and myth were as common as the wares on every stall. Having just left her quiet village, she hoped to find clues about her mysterious heritage. Stalls adorned with enchanted trinkets and potions lined the cobblestone streets, while townsfolk chattered about an ancient prophecy. Amid the clamor, a hooded figure approached her with a worn map and a knowing smile. The promise of adventure hung in the air like a whispered legend. With her heart pounding in anticipation of quests and magic, Aelin sensed that her journey was destined to follow the well-worn path of epic tales she’d read since childhood."
785,3,6,3,"Jason’s eyes darted across the dimly lit parking garage as he exited his car in the dead of night. Rain slicked the pavement, and a distant siren wailed as if warning him of imminent danger. In the shadows, every movement became a potential threat. His hand brushed against the cold metal of the concealed weapon at his side. Earlier that evening, a cryptic phone call had instructed him to meet a contact at this very location, where nothing was as it seemed. With his heart pounding and instincts on high alert, Jason took a cautious step forward, aware that every moment could ignite a chain reaction of unforeseen peril."
797,7,5,1,"Sasha’s small fingers trembled with excitement as she peeled away another strip of the faded wallpaper. She had discovered the corner of a door behind the peeling paper in the attic last week, and today she could no longer resist exploring further. With each tug, more of the wooden door was revealed, along with an old-fashioned keyhole that seemed to wink at her in the dim attic light. She wasn’t supposed to play up here alone, but something about the hidden door was too intriguing — almost as if it was calling her.<br><br>
As thunder rumbled outside, Sasha pressed her ear against the cool, dusty wood. At first, she heard nothing but the thud of her own heartbeat. Then, ever so faintly, she caught what sounded like a whisper: her own name. Sasha’s breath hitched. She glanced over her shoulder, half expecting to find her older brother playing a prank, but the attic was empty except for shadows. Gathering her courage, she nudged the door. It didn’t budge, but a thin line of golden light appeared around the edges, sending dust motes dancing in its glow. Sasha’s imagination raced — was this a doorway to a secret playroom, a magical kingdom, or something else entirely? She knew only one way to find out."
799,7,4,3,"Aelin strode into the bustling market square of Eldoria, where magic and myth were as common as the wares on every stall. Having just left her quiet village, she hoped to find clues about her mysterious heritage. Stalls adorned with enchanted trinkets and potions lined the cobblestone streets, while townsfolk chattered about an ancient prophecy. Amid the clamor, a hooded figure approached her with a worn map and a knowing smile. The promise of adventure hung in the air like a whispered legend. With her heart pounding in anticipation of quests and magic, Aelin sensed that her journey was destined to follow the well-worn path of epic tales she’d read since childhood."
808,2,5,4,"Mira fumbled for the light switch and flipped open her leather-bound diary, ready to pen the day’s events as she did every evening. But tonight, her hand froze. The page for today’s date was already filled with neat lines of handwriting that looked exactly like her own. Heart pounding, Mira leaned in. The entry described her entire day in uncanny detail — the burnt toast at breakfast, the pop quiz in biology class, even the strange cat that had trailed her halfway home.<br><br>
She hadn’t written a single word, yet there it was: her day retold from start to finish. Mira’s throat went dry as she scanned the final lines. The diary entry ended with a detail so fresh it hadn’t even happened when she climbed the stairs: “At 10:17 PM, Mira gasps in disbelief, reading these words.” The digital clock on her desk blinked 10:17 PM.<br><br>
Mira slammed the diary shut and backed away as if it might bite. Her mind raced through a dozen explanations — a prank, a lapse in memory, something beyond reality itself. For a moment, she couldn't tell if the chill that ran through her came from the night air leaking through the window or the unsettling words on the page. Trembling, she realized her safe little world had cracked open, and whatever was happening was only just beginning."
816,4,6,3,"Dylan’s eyes snapped open. He turned to his alarm clock.
 8:12 a.m. He stared at it for two full seconds before leaping out of bed. “Mom! Why didn’t you wake me up?!” he shouted, grabbing yesterday’s T-shirt off the floor. He shoved one sock on, then the other, and stuffed a granola bar into his hoodie pocket. <br><br>
The bus came at 8:15. He had exactly three minutes. Shoes barely tied, he burst out the front door, backpack swinging wildly. As he reached the corner, he saw the bus—already at his stop. The doors closed. It started to pull away."
821,4,3,2,"Dylan’s eyes snapped open. He turned to his alarm clock.
 8:12 a.m. He stared at it for two full seconds before leaping out of bed. “Mom! Why didn’t you wake me up?!” he shouted, grabbing yesterday’s T-shirt off the floor. He shoved one sock on, then the other, and stuffed a granola bar into his hoodie pocket. <br><br>
The bus came at 8:15. He had exactly three minutes. Shoes barely tied, he burst out the front door, backpack swinging wildly. As he reached the corner, he saw the bus—already at his stop. The doors closed. It started to pull away."
848,2,5,3,"Jason’s eyes darted across the dimly lit parking garage as he exited his car in the dead of night. Rain slicked the pavement, and a distant siren wailed as if warning him of imminent danger. In the shadows, every movement became a potential threat. His hand brushed against the cold metal of the concealed weapon at his side. Earlier that evening, a cryptic phone call had instructed him to meet a contact at this very location, where nothing was as it seemed. With his heart pounding and instincts on high alert, Jason took a cautious step forward, aware that every moment could ignite a chain reaction of unforeseen peril."
851,2,6,5,"Jason’s eyes darted across the dimly lit parking garage as he exited his car in the dead of night. Rain slicked the pavement, and a distant siren wailed as if warning him of imminent danger. In the shadows, every movement became a potential threat. His hand brushed against the cold metal of the concealed weapon at his side. Earlier that evening, a cryptic phone call had instructed him to meet a contact at this very location, where nothing was as it seemed. With his heart pounding and instincts on high alert, Jason took a cautious step forward, aware that every moment could ignite a chain reaction of unforeseen peril."
852,4,6,3,"Princess Yoko wandered through the royal gardens as the morning light softly illuminated glistening dew on freshly bloomed roses and perfectly pruned hedges. It was the day of the grand ball—a cherished event where noble suitors traditionally gathered to win her heart. Yet, while she took in the elegant fountains and timeless statues, her thoughts strayed to a life of freedom far beyond the palace confines. The gentle chorus of birds and hushed whispers of the staff only amplified her inner longing for self-determination.<br><br>

With each measured step, Yoko’s determination solidified. No longer willing to be merely the emblem of regal tradition, she resolved that tonight, beneath the veil of dusk, she would vanish into the night to forge her own path. Wearing a modest dress that belied the fierce spirit within, she cast a final, reflective look toward the ballroom, ready to embrace the unpredictable journey that lay beyond the castle gates."
854,1,2,5,"In the pale light of a post-war morning, Miriam stepped onto the cracked cobblestones of a small town scarred by conflict. Clutching her threadbare shawl close, she made her way toward the modest market, where sparse vendors sold their remaining wares with heavy hearts. The low murmur of neighbors echoed the quiet despair of rebuilding lives amid lingering loss. As she paused by a worn fruit stand, a brief nod from a weary stranger offered little comfort—a silent reminder of the daily struggle. With resolve tempered by hardship, Miriam carried on, determined to provide for her family even when hope felt like a distant memory."
856,6,6,5,"In the neon glow of a futuristic metropolis, Jax adjusted the controls on his hovering bike as he navigated the bustling sky lanes. It was another routine day in the sprawling city of Neo-Arcadia—a place where technology blurred the lines between human and machine. As he soared past holographic billboards and automated drones, a sudden alert on his wrist communicator disrupted his monotony. An encrypted message from an old friend hinted at a conspiracy involving the city’s governing AI. The standard mix of excitement and apprehension set in, as Jax knew all too well that this was the beginning of an adventure. His journey into a digital labyrinth was about to begin."
859,5,6,3,"Aelin strode into the bustling market square of Eldoria, where magic and myth were as common as the wares on every stall. Having just left her quiet village, she hoped to find clues about her mysterious heritage. Stalls adorned with enchanted trinkets and potions lined the cobblestone streets, while townsfolk chattered about an ancient prophecy. Amid the clamor, a hooded figure approached her with a worn map and a knowing smile. The promise of adventure hung in the air like a whispered legend. With her heart pounding in anticipation of quests and magic, Aelin sensed that her journey was destined to follow the well-worn path of epic tales she’d read since childhood."
862,5,5,3,"Aelin strode into the bustling market square of Eldoria, where magic and myth were as common as the wares on every stall. Having just left her quiet village, she hoped to find clues about her mysterious heritage. Stalls adorned with enchanted trinkets and potions lined the cobblestone streets, while townsfolk chattered about an ancient prophecy. Amid the clamor, a hooded figure approached her with a worn map and a knowing smile. The promise of adventure hung in the air like a whispered legend. With her heart pounding in anticipation of quests and magic, Aelin sensed that her journey was destined to follow the well-worn path of epic tales she’d read since childhood."
867,3,6,3,"Dylan’s eyes snapped open. He turned to his alarm clock.
 8:12 a.m. He stared at it for two full seconds before leaping out of bed. “Mom! Why didn’t you wake me up?!” he shouted, grabbing yesterday’s T-shirt off the floor. He shoved one sock on, then the other, and stuffed a granola bar into his hoodie pocket. <br><br>
The bus came at 8:15. He had exactly three minutes. Shoes barely tied, he burst out the front door, backpack swinging wildly. As he reached the corner, he saw the bus—already at his stop. The doors closed. It started to pull away."
884,4,4,3,"Princess Yoko wandered through the royal gardens as the morning light softly illuminated glistening dew on freshly bloomed roses and perfectly pruned hedges. It was the day of the grand ball—a cherished event where noble suitors traditionally gathered to win her heart. Yet, while she took in the elegant fountains and timeless statues, her thoughts strayed to a life of freedom far beyond the palace confines. The gentle chorus of birds and hushed whispers of the staff only amplified her inner longing for self-determination.<br><br>

With each measured step, Yoko’s determination solidified. No longer willing to be merely the emblem of regal tradition, she resolved that tonight, beneath the veil of dusk, she would vanish into the night to forge her own path. Wearing a modest dress that belied the fierce spirit within, she cast a final, reflective look toward the ballroom, ready to embrace the unpredictable journey that lay beyond the castle gates."
887,3,6,4,"Mira fumbled for the light switch and flipped open her leather-bound diary, ready to pen the day’s events as she did every evening. But tonight, her hand froze. The page for today’s date was already filled with neat lines of handwriting that looked exactly like her own. Heart pounding, Mira leaned in. The entry described her entire day in uncanny detail — the burnt toast at breakfast, the pop quiz in biology class, even the strange cat that had trailed her halfway home.<br><br>
She hadn’t written a single word, yet there it was: her day retold from start to finish. Mira’s throat went dry as she scanned the final lines. The diary entry ended with a detail so fresh it hadn’t even happened when she climbed the stairs: “At 10:17 PM, Mira gasps in disbelief, reading these words.” The digital clock on her desk blinked 10:17 PM.<br><br>
Mira slammed the diary shut and backed away as if it might bite. Her mind raced through a dozen explanations — a prank, a lapse in memory, something beyond reality itself. For a moment, she couldn't tell if the chill that ran through her came from the night air leaking through the window or the unsettling words on the page. Trembling, she realized her safe little world had cracked open, and whatever was happening was only just beginning."
892,3,6,4,"Dylan’s eyes snapped open. He turned to his alarm clock.
 8:12 a.m. He stared at it for two full seconds before leaping out of bed. “Mom! Why didn’t you wake me up?!” he shouted, grabbing yesterday’s T-shirt off the floor. He shoved one sock on, then the other, and stuffed a granola bar into his hoodie pocket. <br><br>
The bus came at 8:15. He had exactly three minutes. Shoes barely tied, he burst out the front door, backpack swinging wildly. As he reached the corner, he saw the bus—already at his stop. The doors closed. It started to pull away."
90,3,6,3,"Dylan’s eyes snapped open. He turned to his alarm clock.
 8:12 a.m. He stared at it for two full seconds before leaping out of bed. “Mom! Why didn’t you wake me up?!” he shouted, grabbing yesterday’s T-shirt off the floor. He shoved one sock on, then the other, and stuffed a granola bar into his hoodie pocket. <br><br>
The bus came at 8:15. He had exactly three minutes. Shoes barely tied, he burst out the front door, backpack swinging wildly. As he reached the corner, he saw the bus—already at his stop. The doors closed. It started to pull away."
907,5,5,5,"Princess Yoko wandered through the royal gardens as the morning light softly illuminated glistening dew on freshly bloomed roses and perfectly pruned hedges. It was the day of the grand ball—a cherished event where noble suitors traditionally gathered to win her heart. Yet, while she took in the elegant fountains and timeless statues, her thoughts strayed to a life of freedom far beyond the palace confines. The gentle chorus of birds and hushed whispers of the staff only amplified her inner longing for self-determination.<br><br>

With each measured step, Yoko’s determination solidified. No longer willing to be merely the emblem of regal tradition, she resolved that tonight, beneath the veil of dusk, she would vanish into the night to forge her own path. Wearing a modest dress that belied the fierce spirit within, she cast a final, reflective look toward the ballroom, ready to embrace the unpredictable journey that lay beyond the castle gates."
912,7,6,4,"Aelin strode into the bustling market square of Eldoria, where magic and myth were as common as the wares on every stall. Having just left her quiet village, she hoped to find clues about her mysterious heritage. Stalls adorned with enchanted trinkets and potions lined the cobblestone streets, while townsfolk chattered about an ancient prophecy. Amid the clamor, a hooded figure approached her with a worn map and a knowing smile. The promise of adventure hung in the air like a whispered legend. With her heart pounding in anticipation of quests and magic, Aelin sensed that her journey was destined to follow the well-worn path of epic tales she’d read since childhood."
93,5,6,4,"In the neon glow of a futuristic metropolis, Jax adjusted the controls on his hovering bike as he navigated the bustling sky lanes. It was another routine day in the sprawling city of Neo-Arcadia—a place where technology blurred the lines between human and machine. As he soared past holographic billboards and automated drones, a sudden alert on his wrist communicator disrupted his monotony. An encrypted message from an old friend hinted at a conspiracy involving the city’s governing AI. The standard mix of excitement and apprehension set in, as Jax knew all too well that this was the beginning of an adventure. His journey into a digital labyrinth was about to begin."
947,5,6,3,"In the neon glow of a futuristic metropolis, Jax adjusted the controls on his hovering bike as he navigated the bustling sky lanes. It was another routine day in the sprawling city of Neo-Arcadia—a place where technology blurred the lines between human and machine. As he soared past holographic billboards and automated drones, a sudden alert on his wrist communicator disrupted his monotony. An encrypted message from an old friend hinted at a conspiracy involving the city’s governing AI. The standard mix of excitement and apprehension set in, as Jax knew all too well that this was the beginning of an adventure. His journey into a digital labyrinth was about to begin."
95,2,6,3,"Princess Yoko wandered through the royal gardens as the morning light softly illuminated glistening dew on freshly bloomed roses and perfectly pruned hedges. It was the day of the grand ball—a cherished event where noble suitors traditionally gathered to win her heart. Yet, while she took in the elegant fountains and timeless statues, her thoughts strayed to a life of freedom far beyond the palace confines. The gentle chorus of birds and hushed whispers of the staff only amplified her inner longing for self-determination.<br><br>

With each measured step, Yoko’s determination solidified. No longer willing to be merely the emblem of regal tradition, she resolved that tonight, beneath the veil of dusk, she would vanish into the night to forge her own path. Wearing a modest dress that belied the fierce spirit within, she cast a final, reflective look toward the ballroom, ready to embrace the unpredictable journey that lay beyond the castle gates."
950,2,4,5,"In the pale light of a post-war morning, Miriam stepped onto the cracked cobblestones of a small town scarred by conflict. Clutching her threadbare shawl close, she made her way toward the modest market, where sparse vendors sold their remaining wares with heavy hearts. The low murmur of neighbors echoed the quiet despair of rebuilding lives amid lingering loss. As she paused by a worn fruit stand, a brief nod from a weary stranger offered little comfort—a silent reminder of the daily struggle. With resolve tempered by hardship, Miriam carried on, determined to provide for her family even when hope felt like a distant memory."
96,1,6,3,"In the pale light of a post-war morning, Miriam stepped onto the cracked cobblestones of a small town scarred by conflict. Clutching her threadbare shawl close, she made her way toward the modest market, where sparse vendors sold their remaining wares with heavy hearts. The low murmur of neighbors echoed the quiet despair of rebuilding lives amid lingering loss. As she paused by a worn fruit stand, a brief nod from a weary stranger offered little comfort—a silent reminder of the daily struggle. With resolve tempered by hardship, Miriam carried on, determined to provide for her family even when hope felt like a distant memory."
963,6,5,5,"Aelin strode into the bustling market square of Eldoria, where magic and myth were as common as the wares on every stall. Having just left her quiet village, she hoped to find clues about her mysterious heritage. Stalls adorned with enchanted trinkets and potions lined the cobblestone streets, while townsfolk chattered about an ancient prophecy. Amid the clamor, a hooded figure approached her with a worn map and a knowing smile. The promise of adventure hung in the air like a whispered legend. With her heart pounding in anticipation of quests and magic, Aelin sensed that her journey was destined to follow the well-worn path of epic tales she’d read since childhood."
968,2,3,4,"In the pale light of a post-war morning, Miriam stepped onto the cracked cobblestones of a small town scarred by conflict. Clutching her threadbare shawl close, she made her way toward the modest market, where sparse vendors sold their remaining wares with heavy hearts. The low murmur of neighbors echoed the quiet despair of rebuilding lives amid lingering loss. As she paused by a worn fruit stand, a brief nod from a weary stranger offered little comfort—a silent reminder of the daily struggle. With resolve tempered by hardship, Miriam carried on, determined to provide for her family even when hope felt like a distant memory."
970,4,7,5,"In the neon glow of a futuristic metropolis, Jax adjusted the controls on his hovering bike as he navigated the bustling sky lanes. It was another routine day in the sprawling city of Neo-Arcadia—a place where technology blurred the lines between human and machine. As he soared past holographic billboards and automated drones, a sudden alert on his wrist communicator disrupted his monotony. An encrypted message from an old friend hinted at a conspiracy involving the city’s governing AI. The standard mix of excitement and apprehension set in, as Jax knew all too well that this was the beginning of an adventure. His journey into a digital labyrinth was about to begin."
987,2,6,5,"Dylan’s eyes snapped open. He turned to his alarm clock.
 8:12 a.m. He stared at it for two full seconds before leaping out of bed. “Mom! Why didn’t you wake me up?!” he shouted, grabbing yesterday’s T-shirt off the floor. He shoved one sock on, then the other, and stuffed a granola bar into his hoodie pocket. <br><br>
The bus came at 8:15. He had exactly three minutes. Shoes barely tied, he burst out the front door, backpack swinging wildly. As he reached the corner, he saw the bus—already at his stop. The doors closed. It started to pull away."
